time,x_filter,u_filter,y_filter,vm_filter,psi_filter,r_filter,rudder_left_cmd,rudder_right_cmd,rps_readback,bow_readback,winddir,windspeed,GNSS_quality_fore,GNSS_quality_mdi,GNSS_quality_aft,n_bt_rps_cmd,x_raw,u_dop_raw,y_raw,vm_dop_raw,psi_raw_rad,r_raw_rad,kf_linear_x,kf_linear_u,kf_linear_y,kf_linear_v,kf_linear_psi,kf_linear_r,kf_linear_dist,kf_linear_speed,automode,bowstate,dist_m_lidar,dist_m_lidar_ma,velo_ms_lidar_raw,velo_ms_lidar_kf,velo_ms_lidar_ma
0.0,-1.0681636333465576,0,-1.1464320421218872,0,2.0081210136413574,-0.17237013578414917,0.0,0.0,0.0,1620,236,0.9900000095367432,4,5,4,0.0,-1.0702085494995117,0,-1.1372990608215332,0,-1.1151123046875,0.06103515625,-1.0681636333465576,0,-1.1464320421218872,0,2.0081210136413574,-0.17237013578414917,0.7507683038711548,0.0019791133236140013,0,0,0.8190000057220459,0.9819000005722046,-0.05000000819563866,0.0019791133236140013,0.018099999427795388
0.1,-1.068716049194336,0,-1.1439646482467651,0,2.0145649909973145,-0.1696833372116089,-60.0,92.10561896162817,0.0,-1620,235,1.0,4,5,4,-27.0,-1.0702062845230103,0,-1.137179970741272,0,-1.109619140625,0.09765625,-1.068716049194336,0,-1.1439646482467651,0,2.0145649909973145,-0.1696833372116089,0.7545955777168274,0.0018842995632439852,0,1,0.6179999709129333,0.9617999970912934,-2.009999990463257,0.0018842995632439852,0.03820000290870662
0.2,-1.069118618965149,0,-1.1421318054199219,0,2.0222361087799072,-0.16726620495319366,-60.0,93.29265416087642,0.0,-1620,235,1.0,4,5,4,-27.0,-1.0596379041671753,0,-1.1417323350906372,0,-1.0986328125,0.0732421875,-1.069118618965149,0,-1.1421318054199219,0,2.0222361087799072,-0.16726620495319366,0.7469335794448853,-0.0017855302430689335,0,1,0.8240000009536743,0.9824000000953674,2.06000018119812,-0.0017855302430689335,0.01759999990463257
0.30000000000000004,-1.0665574073791504,0,-1.1420238018035889,0,2.0293188095092773,-0.16499458253383636,-60.0,91.1713197414804,0.0,-1620,236,0.9800000190734863,4,5,4,-27.0,-1.0569946765899658,0,-1.1428108215332031,0,-1.0931396484375,0.06103515625,-1.0665574073791504,0,-1.1420238018035889,0,2.0293188095092773,-0.16499458253383636,0.7512564659118652,0.0019753235392272472,0,1,0.8169999718666077,0.9816999971866608,-0.07000000774860382,0.0019753235392272472,0.01830000281333921
0.4,-1.0639739036560059,0,-1.1422364711761475,0,2.0359718799591064,-0.16250263154506683,-60.0,92.10426876720325,0.0,-1620,236,0.9800000190734863,4,5,4,-27.0,-1.0572692155838013,0,-1.150323510169983,0,-1.087646484375,0.08544921875,-1.0639739036560059,0,-1.1422364711761475,0,2.0359718799591064,-0.16250263154506683,0.7549441456794739,0.001844035112299025,0,1,0.8119999766349792,0.981199997663498,-0.04999971762299538,0.001844035112299025,0.01880000233650203
0.5,-1.0621626377105713,0,-1.1444212198257446,0,2.042311906814575,-0.16027839481830597,-60.0,92.87137082845261,0.0,-1620,236,0.9800000190734863,4,5,4,-27.0,-1.0572669506072998,0,-1.1502043008804321,0,-1.0821533203125,0.06103515625,-1.0621626377105713,0,-1.1444212198257446,0,2.042311906814575,-0.16027839481830597,0.7581445574760437,0.001749468152411282,0,1,0.6190000176429749,0.9619000017642975,-1.9299997091293335,0.001749468152411282,0.03809999823570254
0.6000000000000001,-1.0608400106430054,0,-1.1459835767745972,0,2.0484230518341064,-0.15813703835010529,-60.0,92.02380279526554,0.0,-1620,237,0.9800000190734863,4,5,4,-27.0,-1.0543469190597534,0,-1.1436511278152466,0,-1.07666015625,0.054931640625,-1.0608400106430054,0,-1.1459835767745972,0,2.0484230518341064,-0.15813703835010529,0.7503396272659302,-0.0017741890624165535,0,1,0.8069999814033508,0.980699998140335,1.8799998760223389,-0.0017741890624165535,0.01930000185966496
0.7000000000000001,-1.0590858459472656,0,-1.1453534364700317,0,2.0543670654296875,-0.15656355023384094,-60.0,90.07546396348867,0.0,-1620,237,0.9800000190734863,4,5,4,-27.0,-1.054344654083252,0,-1.1435319185256958,0,-1.0711669921875,0.0,-1.0590858459472656,0,-1.1453534364700317,0,2.0543670654296875,-0.15656355023384094,0.7535178065299988,0.0016583097167313099,0,1,0.8190000057220459,0.9819000005722046,0.12000018358230591,0.0016583097167313099,0.018099999427795388
0.8,-1.057805061340332,0,-1.1448613405227661,0,2.0587053298950195,-0.15500572323799133,-77.86096117808836,73.96972243051488,0.0,1620,240,0.8899999856948853,4,5,4,8.561771392822266,-1.051703691482544,0,-1.1447296142578125,0,-1.0711669921875,0.0,-1.057805061340332,0,-1.1448613405227661,0,2.0587053298950195,-0.15500572323799133,0.7571908831596375,0.0018741742242127657,0,1,0.6140000224113464,0.9614000022411346,-2.049999952316284,0.0018741742242127657,0.038599997758865356
0.9,-1.0561567544937134,0,-1.1448256969451904,0,2.06038761138916,-0.15352413058280945,-77.76453646725497,74.04662893093634,0.0,513,240,0.8899999856948853,4,5,4,9.101978302001953,-1.0517059564590454,0,-1.1448487043380737,0,-1.07666015625,-0.006103515625,-1.0561567544937134,0,-1.1448256969451904,0,2.06038761138916,-0.15352413058280945,0.7491589784622192,-0.0018686000257730484,0,1,0.6110000014305115,0.9611000001430512,-0.030000224709510803,-0.0018686000257730484,0.03889999985694881
1.0,-1.0549542903900146,0,-1.1448320150375366,0,2.061615467071533,-0.15223947167396545,-81.85045595019572,70.78777789865485,0.0,546,240,0.8899999856948853,4,5,4,7.411040306091309,-1.0517059564590454,0,-1.1448487043380737,0,-1.07666015625,-0.0244140625,-1.0549542903900146,0,-1.1448320150375366,0,2.061615467071533,-0.15223947167396545,0.7414093017578125,-0.0019199141534045339,0,1,0.6150000095367432,0.9452100014686584,0.039999984204769135,-0.0019199141534045339,0.0366899991035462
1.1,-1.0540767908096313,0,-1.14483642578125,0,2.062511682510376,-0.15072466433048248,-89.11554637329975,64.99328108495097,0.0,1294,240,0.8100000023841858,4,5,4,21.56906509399414,-1.0517059564590454,0,-1.1448487043380737,0,-1.07666015625,0.0,-1.0540767908096313,0,-1.14483642578125,0,2.062511682510376,-0.15072466433048248,0.7343186736106873,-0.0018434490775689483,0,0,0.7490000128746033,0.9405199986696244,1.3399999141693115,-0.0018434490775689483,0.021279998421668944
1.2000000000000002,-1.053436279296875,0,-1.1448397636413574,0,2.0616815090179443,-0.14922493696212769,-79.42516496076759,72.72214348698319,0.0,-1294,240,0.800000011920929,4,5,4,-9.027061462402344,-1.0543491840362549,0,-1.1437702178955078,0,-1.07666015625,0.0,-1.053436279296875,0,-1.1448397636413574,0,2.0616815090179443,-0.14922493696212769,0.735142171382904,0.0006041750893928111,0,1,0.734000027179718,0.9575600028038025,-0.15000012516975403,0.0006041750893928111,0.02483999729156494
1.3,-1.0553640127182007,0,-1.1457223892211914,0,2.0632009506225586,-0.14566278457641602,-78.33183352207158,73.5941636779087,0.0,1294,240,0.800000011920929,4,5,4,5.167877674102783,-1.0596288442611694,0,-1.1412557363510132,0,-1.0711669921875,0.030517578125,-1.0553640127182007,0,-1.1457223892211914,0,2.0632009506225586,-0.14566278457641602,0.7351859211921692,0.000383582228096202,0,1,0.7360000014305115,0.9571299976110458,-0.009999885223805904,0.000383582228096202,0.02456999957561501
1.4000000000000001,-1.056516170501709,0,-1.1445157527923584,0,2.065152645111084,-0.1439097672700882,-66.36008889665494,83.14259763350628,0.0,-1294,240,0.800000011920929,4,5,4,-25.8971004486084,-1.062267541885376,0,-1.1399389505386353,0,-1.0711669921875,0.030517578125,-1.056516170501709,0,-1.1445157527923584,0,2.065152645111084,-0.1439097672700882,0.7352315783500671,0.0003646420082077384,0,1,0.7429999709129333,0.9573799949884416,0.06999998539686203,0.0003646420082077384,0.02382000267505635
1.5,-1.0580699443817139,0,-1.1432793140411377,0,2.068061113357544,-0.14211346209049225,-66.36854932049754,83.13584976167766,0.0,-1553,248,0.7799999713897705,4,5,4,-25.913259506225586,-1.0596243143081665,0,-1.1410174369812012,0,-1.065673828125,0.03662109375,-1.0580699443817139,0,-1.1432793140411377,0,2.068061113357544,-0.14211346209049225,0.73566734790802,0.0004916621837764978,0,1,0.7369999885559082,0.9394100004434586,-0.05999970808625221,0.0004916621837764978,0.022490001320838893
1.6,-1.0584899187088013,0,-1.1426682472229004,0,2.0701839923858643,-0.14069941639900208,-63.89775427435316,85.10650851310473,0.0,-1554,248,0.7799999713897705,4,5,4,-27.0,-1.0596243143081665,0,-1.1410174369812012,0,-1.065673828125,0.0,-1.0584899187088013,0,-1.1426682472229004,0,2.0701839923858643,-0.14069941639900208,0.7357420921325684,0.00038132129702717066,0,0,0.7350000143051147,0.9561299997568129,-0.01999988593161106,0.00038132129702717066,0.02456999838352214
1.7000000000000002,-1.0587964057922363,0,-1.142222285270691,0,2.0732173919677734,-0.1391172558069229,-78.43138028285081,73.5147670903156,0.0,1620,237,0.7699999809265137,4,5,4,4.105597496032715,-1.0596243143081665,0,-1.1410174369812012,0,-1.0601806640625,0.018310546875,-1.0587964057922363,0,-1.142222285270691,0,2.0732173919677734,-0.1391172558069229,0.7357004880905151,0.00034414444235153496,0,1,0.7289999723434448,0.9566099977493285,-0.06000014394521713,0.00034414444235153496,0.02529000282287608
1.8,-1.0590194463729858,0,-1.141864538192749,0,2.0754311084747314,-0.13730789721012115,-71.20581797615591,79.27773703632131,0.0,-246,237,0.7699999809265137,4,5,4,-19.93381118774414,-1.0596221685409546,0,-1.14089834690094,0,-1.0601806640625,0.042724609375,-1.0590194463729858,0,-1.141864538192749,0,2.0754311084747314,-0.13730789721012115,0.7353246212005615,0.0002340718638151884,0,1,1.0089999437332153,0.9661599963903427,2.8000001907348633,0.0002340718638151884,-0.0047599941492080244
1.9000000000000001,-1.0584688186645508,0,-1.1419271230697632,0,2.07853102684021,-0.13575947284698486,-61.598761236087086,86.94014127734341,0.0,-1196,237,0.7699999809265137,4,5,4,-27.0,-1.0569812059402466,0,-1.142095923423767,0,-1.0546875,0.018310546875,-1.0584688186645508,0,-1.1419271230697632,0,2.07853102684021,-0.13575947284698486,0.7506757378578186,0.0053410581313073635,0,0,1.0089999437332153,0.9658899945020677,2.8000001907348633,0.0053410581313073635,-0.004789994359016503
2.0,-1.0580663681030273,0,-1.1419404745101929,0,2.0807933807373047,-0.134226456284523,-68.97374210996301,81.05799794724803,0.0,-1620,234,0.8700000047683716,4,5,4,-13.284321784973145,-1.0569789409637451,0,-1.1419768333435059,0,-1.0546875,0.018310546875,-1.0580663681030273,0,-1.1419404745101929,0,2.0807933807373047,-0.134226456284523,0.7499086260795593,0.00036982964957132936,0,1,0.7369999885559082,0.9243890001773835,-2.7199995517730713,0.00036982964957132936,0.020821001291274954
2.1,-1.0570590496063232,0,-1.1422739028930664,0,2.083928346633911,-0.1325872391462326,-71.1943446278609,79.2868879589205,0.0,-797,234,0.8700000047683716,4,5,4,-19.905311584472656,-1.054337978363037,0,-1.1431745290756226,0,-1.0491943359375,0.030517578125,-1.0570590496063232,0,-1.1422739028930664,0,2.083928346633911,-0.1325872391462326,0.7370685935020447,-0.0035708488430827856,0,0,0.5210000276565552,0.8985680015683176,-2.1599998474121094,-0.0035708488430827856,0.041951997101306815
2.2,-1.0570590496063232,0,-1.1422739028930664,0,2.083928346633911,-0.1325872391462326,-68.12649726548678,81.7337441893226,0.0,-1194,232,0.8299999833106995,4,5,4,-27.0,-1.0543358325958252,0,-1.1430553197860718,0,-1.043701171875,0.0732421875,-1.0570590496063232,0,-1.1422739028930664,0,2.083928346633911,-0.1325872391462326,0.7370685935020447,-0.0035708488430827856,0,1,0.7300000190734863,0.9348040044307708,2.0899996757507324,-0.0035708488430827856,0.02275599837303166
2.3000000000000003,-1.0563234090805054,0,-1.1424850225448608,0,2.087700605392456,-0.130539208650589,-60.0,90.53526054274343,0.0,-1194,232,0.8299999833106995,4,5,4,-27.0,-1.0543336868286133,0,-1.1429362297058105,0,-1.03271484375,0.08544921875,-1.0563234090805054,0,-1.1424850225448608,0,2.087700605392456,-0.130539208650589,0.7366721034049988,0.000247982912696898,0,1,0.7300000190734863,0.9344169997572898,-1.9073486612342094e-07,0.000247982912696898,0.022712997853756023
2.4000000000000004,-1.055785894393921,0,-1.1426068544387817,0,2.093421697616577,-0.1283901035785675,-60.0,92.3027419667954,0.0,-1620,232,0.8299999833106995,4,5,4,-27.0,-1.0569703578948975,0,-1.1415002346038818,0,-1.03271484375,0.08544921875,-1.055785894393921,0,-1.1426068544387817,0,2.093421697616577,-0.1283901035785675,0.7362978458404541,0.00024753023171797395,0,1,0.7319999933242798,0.9348419948220255,0.019999809563159943,0.00024753023171797395,0.02253800016641616
2.5,-1.0561058521270752,0,-1.1423078775405884,0,2.1020493507385254,-0.1252906769514084,-60.0,92.30258068919446,0.0,-1620,232,0.8299999833106995,4,5,4,-27.0,-1.0569639205932617,0,-1.141142725944519,0,-1.0162353515625,0.18310546875,-1.0561058521270752,0,-1.1423078775405884,0,2.1020493507385254,-0.1252906769514084,0.7360567450523376,0.00028355990070849657,0,1,0.7319999933242798,0.9186689997315407,6.67572024326546e-08,0.00028355990070849657,0.020741000711917867
2.6,-1.0563377141952515,0,-1.1419931650161743,0,2.1127982139587402,-0.12197917699813843,-60.0,95.57092291176187,0.0,-1620,224,0.7599999904632568,4,5,4,-27.0,-1.051398754119873,0,-1.1355488300323486,0,-0.999755859375,0.20751953125,-1.0563377141952515,0,-1.1419931650161743,0,2.1127982139587402,-0.12197917699813843,0.73582923412323,0.0002830427838489413,0,1,0.7300000190734863,0.9335170016884803,-0.019999932497739792,0.0002830427838489413,0.022612998068332613
2.7,-1.0550034046173096,0,-1.1402521133422852,0,2.1265792846679688,-0.11851842701435089,-60.0,96.38461514167882,0.0,-1620,224,0.7599999904632568,4,5,4,-25.30487823486328,-1.054031491279602,0,-1.133874535560608,0,-0.977783203125,0.225830078125,-1.0550034046173096,0,-1.1402521133422852,0,2.1265792846679688,-0.11851842701435089,0.7355022430419922,0.0002460450923535973,0,1,0.5189999938011169,0.9128489973545074,-2.1100001335144043,0.0002460450923535973,0.043761000394821115
2.8000000000000003,-1.0547407865524292,0,-1.1385291814804077,0,2.144057273864746,-0.11527431011199951,-60.0,96.98184124476973,0.0,-1620,230,0.699999988079071,4,5,4,-23.795730590820312,-1.0513805150985718,0,-1.1344764232635498,0,-0.9503173828125,0.20751953125,-1.0547407865524292,0,-1.1385291814804077,0,2.144057273864746,-0.11527431011199951,0.7233580946922302,-0.0036032041534781456,0,1,0.7319999933242798,0.9427439960837363,2.130000114440918,-0.0036032041534781456,0.0234160003066064
2.9000000000000004,-1.0538330078125,0,-1.1374343633651733,0,2.1627495288848877,-0.11194100975990295,-60.0,95.00005380174146,0.0,-1518,230,0.699999988079071,4,5,4,-27.0,-1.054013729095459,0,-1.132802128791809,0,-0.9283447265625,0.2197265625,-1.0538330078125,0,-1.1374343633651733,0,2.1627495288848877,-0.11194100975990295,0.7238428592681885,0.0002886502770707011,0,0,0.6100000143051147,0.9303009964823724,-1.21999990940094,0.0002886502770707011,0.035588998019695284
3.0,-1.0538818836212158,0,-1.1361829042434692,0,2.18232798576355,-0.10882306843996048,-60.0,96.79355116715142,0.0,-1427,230,0.699999988079071,4,5,4,-24.281652450561523,-1.0542830228805542,0,-1.139957308769226,0,-0.9063720703125,0.201416015625,-1.0538818836212158,0,-1.1361829042434692,0,2.18232798576355,-0.10882306843996048,0.717457115650177,-0.00193724874407053,0,1,0.6119999885559082,0.893150099015236,0.019999856129288673,-0.00193724874407053,0.031238901162147448
3.1,-1.0539902448654175,0,-1.1372026205062866,0,2.2010693550109863,-0.10579688102006912,-60.0,95.39011811038122,0.0,-1620,241,0.6100000143051147,4,5,4,-27.0,-1.0542774200439453,0,-1.1395998001098633,0,-0.889892578125,0.1953125,-1.0539902448654175,0,-1.1372026205062866,0,2.2010693550109863,-0.10579688102006912,0.7115417718887329,-0.001897233771160245,0,1,0.8069999814033508,0.8894111995518209,1.9500001668930054,-0.001897233771160245,0.009156802016496712
3.2,-1.054067850112915,0,-1.1378501653671265,0,2.2206835746765137,-0.10280080884695053,-60.0,95.20090521257475,0.0,-1456,241,0.6100000143051147,4,5,4,-27.0,-1.0542700290679932,0,-1.1391232013702393,0,-0.867919921875,0.1953125,-1.054067850112915,0,-1.1378501653671265,0,2.2206835746765137,-0.10280080884695053,0.7168962359428406,0.0016631752951070666,0,1,0.8119999766349792,0.9225236016511916,0.05000018700957298,0.0016631752951070666,0.012280402779579203
3.3000000000000003,-1.0541224479675293,0,-1.1381940841674805,0,2.2409350872039795,-0.09983453899621964,-60.0,96.46937961140098,0.0,-1620,240,0.6000000238418579,4,5,4,-25.096210479736328,-1.0542628765106201,0,-1.1386466026306152,0,-0.845947265625,0.1953125,-1.0541224479675293,0,-1.1381940841674805,0,2.2409350872039795,-0.09983453899621964,0.722230851650238,0.0017513456987217069,0,1,0.8109999895095825,0.9220752987325189,-0.009999766014516354,0.0017513456987217069,0.012341701024770835
3.4000000000000004,-1.0541603565216064,0,-1.1383163928985596,0,2.2616512775421143,-0.09671559929847717,-60.0,96.5007922658566,0.0,-1620,240,0.6000000238418579,4,5,4,-25.0184383392334,-1.0516149997711182,0,-1.1393675804138184,0,-0.823974609375,0.213623046875,-1.0541603565216064,0,-1.1383163928985596,0,2.2616512775421143,-0.09671559929847717,0.7272101640701294,0.0017299108440056443,0,1,0.8169999718666077,0.9230577925264838,0.06000010669231415,0.0017299108440056443,0.011784202295541668
3.5,-1.0534727573394775,0,-1.1386003494262695,0,2.2827072143554688,-0.09356696158647537,-60.0,97.10356297341858,0.0,-1505,240,0.6000000238418579,4,5,4,-23.47624969482422,-1.0516149997711182,0,-1.1393675804138184,0,-0.802001953125,0.2197265625,-1.0534727573394775,0,-1.1386003494262695,0,2.2827072143554688,-0.09356696158647537,0.7322466373443604,0.0018362000118941069,0,1,0.7379999756813049,0.9006020973265171,-0.7899997234344482,0.0018362000118941069,0.01806690240502362
3.6,-1.052255630493164,0,-1.1390024423599243,0,2.3040106296539307,-0.09044965356588364,-60.0,97.34489995404569,0.0,-1501,247,0.6100000143051147,4,5,4,-22.829601287841797,-1.0489606857299805,0,-1.139612078666687,0,-0.780029296875,0.2197265625,-1.052255630493164,0,-1.1390024423599243,0,2.3040106296539307,-0.09044965356588364,0.7325693964958191,0.00039183118497021496,0,1,0.5360000133514404,0.8937653028547763,-2.0199997425079346,0.00039183118497021496,0.039751698833704
3.7,-1.0513654947280884,0,-1.1391671895980835,0,2.3254950046539307,-0.08718116581439972,-60.0,96.83031164542294,0.0,-1408,247,0.6100000143051147,4,5,4,-24.187549591064453,-1.0489543676376343,0,-1.1391353607177734,0,-0.758056640625,0.238037109375,-1.0513654947280884,0,-1.1391671895980835,0,2.3254950046539307,-0.08718116581439972,0.7215433120727539,-0.003293516580015421,0,1,0.7329999804496765,0.8948640956640244,1.96999990940094,-0.003293516580015421,0.017984901690483057
3.8000000000000003,-1.0507140159606934,0,-1.1391586065292358,0,2.348595142364502,-0.0837630107998848,-60.0,96.12773242276513,0.0,-1369,248,0.6000000238418579,4,5,4,-25.926998138427734,-1.0463056564331055,0,-1.1397372484207153,0,-0.7305908203125,0.25634765625,-1.0507140159606934,0,-1.1391586065292358,0,2.348595142364502,-0.0837630107998848,0.7221859693527222,0.00030592057737521827,0,1,0.5370000004768372,0.9021695965230464,-1.9599997997283936,0.00030592057737521827,0.04057439956068987
3.9000000000000004,-1.049523115158081,0,-1.139314889907837,0,2.3713908195495605,-0.08050032705068588,-60.0,98.02051878956678,0.0,-1451,248,0.6000000238418579,4,5,4,-20.913253784179688,-1.048940658569336,0,-1.1380629539489746,0,-0.7086181640625,0.244140625,-1.049523115158081,0,-1.139314889907837,0,2.3713908195495605,-0.08050032705068588,0.7117984294891357,-0.003269825829192996,0,1,0.4169999957084656,0.8789708964049817,-1.2000000476837158,-0.003269825829192996,0.051330100077390695
4.0,-1.049365758895874,0,-1.1389766931533813,0,2.3939640522003174,-0.07751303166151047,-60.0,96.33964189226032,0.0,-1555,239,0.6600000262260437,4,5,4,-25.414894104003906,-1.048934817314148,0,-1.137586236000061,0,-0.6866455078125,0.2197265625,-1.049365758895874,0,-1.1389766931533813,0,2.3939640522003174,-0.07751303166151047,0.6952624917030334,-0.0054527525790035725,0,1,0.8180000185966492,0.8856350909733773,4.010000228881836,-0.0054527525790035725,0.007515008041858673
4.1000000000000005,-1.049249291419983,0,-1.1386010646820068,0,2.416375160217285,-0.07467692345380783,-60.0,94.74804954058884,0.0,-1254,239,0.6600000262260437,4,5,4,-27.0,-1.048929214477539,0,-1.137109637260437,0,-0.6646728515625,0.20751953125,-1.049249291419983,0,-1.1386010646820068,0,2.416375160217285,-0.07467692345380783,0.7021471261978149,0.0018717384664341807,0,1,0.6209999918937683,0.8625700787860155,-1.970000147819519,0.0018717384664341807,0.02684112076580536
4.2,-1.0491628646850586,0,-1.1381981372833252,0,2.4386675357818604,-0.07162611186504364,-60.0,96.95062308160294,0.0,-1524,239,0.6600000262260437,4,5,4,-23.876977920532227,-1.0410008430480957,0,-1.1402260065078735,0,-0.6427001953125,0.23193359375,-1.0491628646850586,0,-1.1381981372833252,0,2.4386675357818604,-0.07162611186504364,0.6975953578948975,-0.001725105568766594,0,1,0.6179999709129333,0.8920712385773658,-0.02999991923570633,-0.001725105568766594,0.030452363073825817
4.3,-1.0469578504562378,0,-1.1387460231781006,0,2.46087384223938,-0.06884858012199402,-60.0,96.48304438426996,0.0,-1620,243,0.6600000262260437,4,5,4,-25.062408447265625,-1.0383546352386475,0,-1.1409469842910767,0,-0.6207275390625,0.20751953125,-1.0469578504562378,0,-1.1387460231781006,0,2.46087384223938,-0.06884858012199402,0.6931306719779968,-0.0017766810487955809,0,0,0.6230000257492065,0.8921677714341877,0.05000029131770134,-0.0017766810487955809,0.029907527298331238
4.4,-1.0446336269378662,0,-1.1393406391143799,0,2.4815328121185303,-0.06628087162971497,-60.0,95.65079301570022,0.0,-1503,243,0.6600000262260437,4,5,4,-27.0,-1.0357098579406738,0,-1.1417871713638306,0,-0.604248046875,0.189208984375,-1.0446336269378662,0,-1.1393406391143799,0,2.4815328121185303,-0.06628087162971497,0.6891968846321106,-0.0016822358593344688,0,1,0.8230000138282776,0.9130520146566632,1.999999761581421,-0.0016822358593344688,0.010005777869820598
4.5,-1.0422228574752808,0,-1.1400015354156494,0,2.502546787261963,-0.06355652213096619,-60.0,95.07403385309,0.0,-1620,248,0.5799999833106995,4,5,4,-27.0,-1.0383459329605103,0,-1.1401128768920898,0,-0.582275390625,0.20751953125,-1.0422228574752808,0,-1.1400015354156494,0,2.502546787261963,-0.06355652213096619,0.696702241897583,0.0019689840264618397,0,1,0.8259999752044678,0.8931418851143121,0.029999861493706703,0.0019689840264618397,0.007460212212204942
4.6000000000000005,-1.0411754846572876,0,-1.1400315761566162,0,2.5223357677459717,-0.061102207750082016,-60.0,96.9852689610507,0.0,-1620,248,0.5799999833106995,4,5,4,-23.78679084777832,-1.0383423566818237,0,-1.139755368232727,0,-0.5657958984375,0.18310546875,-1.0411754846572876,0,-1.1400315761566162,0,2.5223357677459717,-0.061102207750082016,0.7039548754692078,0.002020114567130804,0,1,0.621999979019165,0.8665887704712152,-2.0399997234344482,0.002020114567130804,0.027176532383561103
4.7,-1.040410041809082,0,-1.1399569511413574,0,2.5427145957946777,-0.05855084955692291,-60.0,96.18960888169404,0.0,-1427,248,0.5799999833106995,4,5,4,-25.778518676757812,-1.0383377075195312,0,-1.1392786502838135,0,-0.5438232421875,0.1953125,-1.040410041809082,0,-1.1399569511413574,0,2.5427145957946777,-0.05855084955692291,0.699357807636261,-0.001704684691503644,0,0,0.8240000009536743,0.8877776861929894,2.0200002193450928,-0.001704684691503644,0.0070864094710350045
4.800000000000001,-1.0398502349853516,0,-1.1397737264633179,0,2.562040090560913,-0.05638926103711128,-60.0,95.26950507666791,0.0,-1546,247,0.6299999952316284,4,5,4,-27.0,-1.0354164838790894,0,-1.1324870586395264,0,-0.52734375,0.15869140625,-1.0398502349853516,0,-1.1397737264633179,0,2.562040090560913,-0.05638926103711128,0.7063493132591248,0.001983058638870716,0,1,0.6129999756813049,0.8732526344388722,-2.109999895095825,0.001983058638870716,0.028916962084174158
4.9,-1.0386524200439453,0,-1.1378052234649658,0,2.580596685409546,-0.053945526480674744,-60.0,95.36253042425852,0.0,-1620,247,0.6299999952316284,4,5,4,-27.0,-1.0327723026275635,0,-1.1333272457122803,0,-0.5108642578125,0.189208984375,-1.0386524200439453,0,-1.1378052234649658,0,2.580596685409546,-0.053945526480674744,0.7011131048202515,-0.0018693587044253945,0,1,0.8209999799728394,0.8731738047617675,2.080000162124634,-0.0018693587044253945,0.005797091643214181
5.0,-1.0370638370513916,0,-1.1365954875946045,0,2.600076198577881,-0.051526110619306564,-60.0,95.00736720495617,0.0,-1620,243,0.6000000238418579,4,5,4,-27.0,-1.0327681303024292,0,-1.1328505277633667,0,-0.4888916015625,0.189208984375,-1.0370638370513916,0,-1.1365954875946045,0,2.600076198577881,-0.051526110619306564,0.7078378200531006,0.001928129349835217,0,1,0.824999988079071,0.8795715806839468,0.040000200271606445,0.001928129349835217,0.006063510289430529
5.1000000000000005,-1.0359033346176147,0,-1.135583758354187,0,2.6202290058135986,-0.04919149726629257,-60.0,96.36030623163045,0.0,-1620,243,0.6000000238418579,4,5,4,-25.364402770996094,-1.030123233795166,0,-1.1335716247558594,0,-0.4669189453125,0.18310546875,-1.0359033346176147,0,-1.135583758354187,0,2.6202290058135986,-0.04919149726629257,0.7144097685813904,0.001997575629502535,0,1,0.6209999918937683,0.8384130700967909,-2.0399999618530273,0.001997575629502535,0.024157008689224657
5.2,-1.034341812133789,0,-1.1350401639938354,0,2.639389753341675,-0.04706230387091637,-60.0,96.1815788871552,0.0,-1521,243,0.6000000238418579,4,5,4,-25.797834396362305,-1.0248384475708008,0,-1.1356093883514404,0,-0.450439453125,0.164794921875,-1.034341812133789,0,-1.1350401639938354,0,2.639389753341675,-0.04706230387091637,0.7091701626777649,-0.0017271828837692738,0,1,0.6150000095367432,0.8643641156733036,-0.059999920427799225,-0.0017271828837692738,0.027707122904062187
5.300000000000001,-1.0317744016647339,0,-1.135193943977356,0,2.6578259468078613,-0.04495429992675781,-60.0,94.24414401828463,0.0,-1547,248,0.6000000238418579,4,5,4,-27.0,-1.022194743156433,0,-1.1364495754241943,0,-0.4339599609375,0.164794921875,-1.0317744016647339,0,-1.135193943977356,0,2.6578259468078613,-0.04495429992675781,0.703887939453125,-0.0018334768246859312,0,1,0.746999979019165,0.8776509921926854,1.3199999332427979,-0.0018334768246859312,0.014516779241502298
5.4,-1.0291863679885864,0,-1.135533094406128,0,2.6757335662841797,-0.043049462139606476,-60.0,94.20627445321679,0.0,-1620,248,0.6000000238418579,4,5,4,-27.0,-1.024833083152771,0,-1.1348943710327148,0,-0.41748046875,0.146484375,-1.0291863679885864,0,-1.135533094406128,0,2.6757335662841797,-0.043049462139606476,0.7063062191009521,0.0005776477628387511,0,1,0.5450000166893005,0.876246814859927,-2.0199997425079346,0.0005776477628387511,0.03680519979673624
5.5,-1.028010368347168,0,-1.135360598564148,0,2.6932554244995117,-0.041042111814022064,-60.0,94.45488351432381,0.0,-1620,254,0.6499999761581421,4,5,4,-27.0,-1.0248304605484009,0,-1.134536862373352,0,-0.4010009765625,0.15869140625,-1.028010368347168,0,-1.135360598564148,0,2.6932554244995117,-0.041042111814022064,0.6972581744194031,-0.0031080387998372316,0,1,0.546999990940094,0.8585276956968902,0.019999833777546883,-0.0031080387998372316,0.03461418941742189
5.6000000000000005,-1.0271512269973755,0,-1.1351380348205566,0,2.710495710372925,-0.039479855448007584,-60.0,93.5487144714469,0.0,-1620,254,0.6499999761581421,4,5,4,-27.0,-1.0303869247436523,0,-1.1394158601760864,0,-0.384521484375,0.115966796875,-1.0271512269973755,0,-1.1351380348205566,0,2.710495710372925,-0.039479855448007584,0.688829779624939,-0.0030658883042633533,0,1,0.546999990940094,0.8346298925181032,0.019999833777546883,-0.0030658883042633533,0.03195887795311203
5.7,-1.0280253887176514,0,-1.1362937688827515,0,2.726046323776245,-0.03799387067556381,-60.0,92.13944770443857,0.0,-1620,254,0.6499999761581421,4,5,4,-27.0,-1.0277442932128906,0,-1.1403751373291016,0,-0.37353515625,0.10986328125,-1.0280253887176514,0,-1.1362937688827515,0,2.726046323776245,-0.03799387067556381,0.6966361999511719,0.0020653577521443367,0,0,0.4269999861717224,0.8416999161908627,-3.9799997806549072,0.0020653577521443367,0.04607777000212665
5.800000000000001,-1.0084964036941528,0,-1.166308879852295,0,2.8794262409210205,-0.022124553099274635,-60.0,93.76409837335291,0.0,-1620,245,0.6100000143051147,4,5,4,-27.0,-1.0050700902938843,0,-1.179297924041748,0,-0.263671875,-0.01220703125,-1.0084964036941528,0,-1.166308879852295,0,2.8794262409210205,-0.022124553099274635,0.7043344974517822,-0.008783121593296528,0,0,0.6420000195503235,0.8501273729500174,2.1399998664855957,-0.008783121593296528,0.023125261488854854
5.9,-1.007570743560791,0,-1.1698179244995117,0,2.8790194988250732,-0.02202587202191353,-87.35316609269604,66.39892180320228,0.0,-1620,245,0.6100000143051147,4,5,4,-10.63968563079834,-1.002429723739624,0,-1.180614709854126,0,-0.2691650390625,-0.03662109375,-1.007570743560791,0,-1.1698179244995117,0,2.8790194988250732,-0.02202587202191353,0.6888341903686523,-0.008748859167098999,0,0,0.5289999842643738,0.8387564227120283,-1.1300002336502075,-0.008748859167098999,0.03441738204973921
6.0,-1.0025559663772583,0,-1.179450273513794,0,2.870939254760742,-0.023121032863855362,-96.99408653783985,60.0,0.0,1256,235,0.5899999737739563,4,5,4,20.93810272216797,-0.99742591381073,0,-1.1908801794052124,0,-0.28564453125,-0.079345703125,-1.0025559663772583,0,-1.179450273513794,0,2.870939254760742,-0.023121032863855362,0.669346034526825,-0.006778019014745951,0,0,0.5329999923706055,0.8449144218526126,-0.009999794885516167,-0.006778019014745951,0.034657158831334245
6.1000000000000005,-1.0004568099975586,0,-1.1828938722610474,0,2.866889238357544,-0.02368047460913658,-102.63190002815611,60.0,0.0,1256,236,0.5299999713897705,4,5,4,26.563039779663086,-0.9895042181015015,0,-1.1947115659713745,0,-0.2911376953125,-0.054931640625,-1.0004568099975586,0,-1.1828938722610474,0,2.866889238357544,-0.02368047460913658,0.661698043346405,-0.006783895660191774,0,0,0.5450000166893005,0.8090717647560417,-2.0999999046325684,-0.006783895660191774,0.02934130534074919
6.2,-0.9946250319480896,0,-1.1887723207473755,0,2.857725143432617,-0.02442074939608574,-101.61409373951022,60.0,0.0,1620,236,0.5299999713897705,4,5,4,27.0,-0.9897823929786682,0,-1.2025816440582275,0,-0.3021240234375,-0.054931640625,-0.9946250319480896,0,-1.1887723207473755,0,2.857725143432617,-0.02442074939608574,0.6600921154022217,-0.006547666620463133,0,0,0.7490000128746033,0.8528277053934336,2.0399997234344482,-0.006547666620463133,0.011536410279870069
6.300000000000001,-0.9917234182357788,0,-1.1976433992385864,0,2.8477091789245605,-0.02472124807536602,-101.50857237746676,60.0,0.0,1620,243,0.49000000953674316,4,5,4,27.0,-0.9874189496040344,0,-1.211530327796936,0,-0.3131103515625,-0.006103515625,-0.9917234182357788,0,-1.1976433992385864,0,2.8477091789245605,-0.02472124807536602,0.6589854955673218,-0.0028026874642819166,0,1,0.5479999780654907,0.8446858907799658,-2.0799999237060547,-0.0028026874642819166,0.03296510141271958
6.4,-0.9865302443504333,0,-1.2056317329406738,0,2.83872389793396,-0.024838440120220184,-82.26770430752032,70.4549886095702,0.0,221,243,0.47999998927116394,4,5,4,3.6923041343688965,-0.9821383357048035,0,-1.2141640186309814,0,-0.318603515625,-0.018310546875,-0.9865302443504333,0,-1.2056317329406738,0,2.83872389793396,-0.024838440120220184,0.6578965783119202,-0.006459097843617201,0,1,0.546999990940094,0.8433221324679436,-0.07000020146369934,-0.006459097843617201,0.03292468239198332
6.5,-0.9837643504142761,0,-1.2099426984786987,0,2.8313705921173096,-0.024526987224817276,-88.72910212524233,65.30150160715145,0.0,221,250,0.41999998688697815,4,5,4,11.271706581115723,-0.9824152588844299,0,-1.2217957973480225,0,-0.318603515625,0.0,-0.9837643504142761,0,-1.2099426984786987,0,2.8313705921173096,-0.024526987224817276,0.64617520570755,-0.006453996058553457,0,0,0.6520000100135803,0.8378749271285593,4.329999923706055,-0.006453996058553457,0.02065276856833098
6.6000000000000005,-0.9813121557235718,0,-1.2225382328033447,0,2.8342599868774414,-0.02181493677198887,-81.48465433496858,71.07953425273142,0.0,-1013,250,0.4300000071525574,4,5,4,-16.89060401916504,-0.9800474643707275,0,-1.229910135269165,0,-0.28564453125,0.152587890625,-0.9813121557235718,0,-1.2225382328033447,0,2.8342599868774414,-0.02181493677198887,0.6190257668495178,-0.004483804106712341,0,0,0.5559999942779541,0.8067669026940884,-2.0999996662139893,-0.004483804106712341,0.027862989824014806
6.7,-0.9773210883140564,0,-1.2290396690368652,0,2.883613109588623,-0.013243733905255795,-60.0,92.8550985666136,0.0,-1620,258,0.3400000035762787,4,5,4,-27.0,-0.9747592210769653,0,-1.2308754920959473,0,-0.2032470703125,0.18310546875,-0.9773210883140564,0,-1.2290396690368652,0,2.883613109588623,-0.013243733905255795,0.6201806664466858,-0.0025359089486300945,0,0,0.3310000002384186,0.7906299245956183,-2.2099997997283936,-0.0025359089486300945,0.05106999159524439
6.800000000000001,-0.9755891561508179,0,-1.2344399690628052,0,2.9317877292633057,-0.00738123944029212,-60.0,94.56642483665065,0.0,-1620,231,0.28999999165534973,4,5,4,-27.0,-0.9723899364471436,0,-1.2380365133285522,0,-0.142822265625,0.18310546875,-0.9755891561508179,0,-1.2344399690628052,0,2.9317877292633057,-0.00738123944029212,0.607887327671051,-0.010268090292811394,0,0,0.9800000190734863,0.8631146375623644,6.460000038146973,-0.010268090292811394,-0.012987264612347005
6.9,-0.9730460047721863,0,-1.2402727603912354,0,3.001991033554077,-0.0006355276564136147,-60.0,91.81166438648182,0.0,-1620,235,0.28999999165534973,4,5,4,-27.0,-0.9723871946334839,0,-1.236606478691101,0,-0.076904296875,0.164794921875,-0.9730460047721863,0,-1.2402727603912354,0,3.001991033554077,-0.0006355276564136147,0.609731912612915,0.001629898208193481,0,0,0.8899999856948853,0.8438807790103141,0.10999991744756699,0.001629898208193481,-0.0051243562982857815
7.0,-0.9756773710250854,0,-1.2400435209274292,0,3.08089280128479,0.006475280504673719,-60.0,95.44017833363445,0.0,-1620,241,0.2800000011920929,4,5,4,-27.0,-0.9779449701309204,0,-1.240651249885559,0,-0.0054931640625,0.115966796875,-0.9756773710250854,0,-1.2400435209274292,0,3.08089280128479,0.006475280504673719,0.6084012985229492,-0.008134990930557251,0,1,0.4480000138282776,0.8052229810501791,-4.53000020980835,-0.008134990930557251,0.039691440802433475
7.1000000000000005,-0.9779725670814514,0,-1.237736701965332,0,0.009574977681040764,0.011114368215203285,-60.0,90.33346788953551,0.0,-1620,241,0.25999999046325684,4,5,4,-27.0,-0.9805859923362732,0,-1.2382618188858032,0,0.032958984375,0.067138671875,-0.9779725670814514,0,-1.237736701965332,0,0.009574977681040764,0.011114368215203285,0.640885591506958,0.00010552253661444411,0,0,0.6830000281333923,0.7964645910937768,2.319999933242798,0.00010552253661444411,0.012607173662264937
7.2,-0.979973554611206,0,-1.2398678064346313,0,0.047172967344522476,0.013963346369564533,-60.0,91.64157996191669,0.0,-1620,233,0.1899999976158142,4,5,4,-27.0,-0.9835044741630554,0,-1.243980884552002,0,0.06591796875,-0.006103515625,-0.979973554611206,0,-1.2398678064346313,0,0.047172967344522476,0.013963346369564533,0.6530812978744507,0.008744883351027966,0,1,0.9039999842643738,0.8579449332805276,2.2899999618530273,0.008744883351027966,-0.005117227887094011
7.300000000000001,-0.983293890953064,0,-1.2429808378219604,0,0.057985030114650726,0.011295673437416553,-77.10950952281259,74.56906586171301,0.0,1373,230,0.18000000715255737,4,5,4,22.892837524414062,-0.9835042357444763,0,-1.2442193031311035,0,0.0439453125,-0.091552734375,-0.983293890953064,0,-1.2429808378219604,0,0.057985030114650726,0.011295673437416553,0.6723081469535828,0.01689811982214451,0,0,0.6959999799728394,0.829817299699253,0.029999814927577972,0.01689811982214451,0.014868591080712812
7.4,-0.9825886487960815,0,-1.2458540201187134,0,0.02416621334850788,0.005742750130593777,-92.56619996089941,62.24110594960017,0.0,1620,238,0.12999999523162842,4,5,4,27.0,-0.9861446619033813,0,-1.244451642036438,0,-0.010986328125,-0.140380859375,-0.9825886487960815,0,-1.2458540201187134,0,0.02416621334850788,0.005742750130593777,0.6921843886375427,0.01291303988546133,0,0,0.6990000009536743,0.8288899193165168,-2.950000286102295,0.01291303988546133,0.014432213151426843
7.5,-0.9856077432632446,0,-1.2476956844329834,0,3.092757225036621,-0.004322433844208717,-96.38716156436817,60.0,0.0,1620,208,0.1599999964237213,4,5,4,27.0,-0.9864230155944824,0,-1.2537517547607422,0,-0.10986328125,-0.189208984375,-0.9856077432632446,0,-1.2476956844329834,0,3.092757225036621,-0.004322433844208717,0.6966923475265503,0.012879755347967148,0,0,0.47200000286102295,0.8012874347018055,-4.570000171661377,0.012879755347967148,0.03658749242675374
7.6000000000000005,-0.9874398112297058,0,-1.251988410949707,0,2.9888358116149902,-0.013221298344433308,-98.44289212969484,60.0,0.0,1620,198,0.09000000357627869,4,5,4,27.0,-0.9861512184143066,0,-1.2482651472091675,0,-0.186767578125,-0.067138671875,-0.9874398112297058,0,-1.251988410949707,0,2.9888358116149902,-0.013221298344433308,0.7032490968704224,0.01691645011305809,0,0,0.4620000123977661,0.772290213664456,-0.01999986730515957,0.01691645011305809,0.0344766890296323
7.7,-0.9851612448692322,0,-1.2546029090881348,0,2.9501240253448486,-0.01549366395920515,-91.53758065409758,63.06151298497893,0.0,1620,246,0.1599999964237213,4,5,4,27.0,-0.9785078167915344,0,-1.2602049112319946,0,-0.2197265625,-0.06103515625,-0.9851612448692322,0,-1.2546029090881348,0,2.9501240253448486,-0.01549366395920515,0.6308801174163818,0.008350245654582977,0,1,0.9350000023841858,0.8050669323744751,0.040000058710575104,0.008350245654582977,-0.014437007778856814
7.800000000000001,-0.9831384420394897,0,-1.258535623550415,0,2.925832509994507,-0.015144682489335537,-95.10891838849759,60.21308248825297,0.0,1620,218,0.15000000596046448,4,5,4,27.0,-0.98907071352005,0,-1.2551759481430054,0,-0.208740234375,0.067138671875,-0.9831384420394897,0,-1.258535623550415,0,2.925832509994507,-0.015144682489335537,0.6321264505386353,0.0167618989944458,0,1,0.6990000009536743,0.8467031739014953,-2.379999876022339,0.0167618989944458,0.016411463660869097
7.9,-0.9915706515312195,0,-1.256971001625061,0,2.965925931930542,-0.0077832783572375774,-60.0,97.57578210575107,0.0,-1331,240,0.10000000149011612,4,5,4,-22.19333839416504,-0.9946251511573792,0,-1.2589823007583618,0,-0.142822265625,0.1220703125,-0.9915706515312195,0,-1.256971001625061,0,2.965925931930542,-0.0077832783572375774,0.6420435905456543,0.016660064458847046,0,0,0.925000011920929,0.8519927023013757,-0.059999942779541016,0.016660064458847046,-0.008111923291061585
8.0,-1.001444697380066,0,-1.2476301193237305,0,3.0606603622436523,0.0025356286205351353,-60.0,99.37072334686475,0.0,-985,203,0.2199999988079071,4,5,4,-16.42678451538086,-1.0022677183151245,0,-1.2457315921783447,0,-0.0494384765625,0.09765625,-1.001444697380066,0,-1.2476301193237305,0,3.0606603622436523,0.0025356286205351353,0.6562334299087524,0.016269683837890625,0,0,0.23199999332427979,0.7479006822775892,-2.5300002098083496,0.016269683837890625,0.057322298772589875
8.1,-1.0011364221572876,0,-1.2593536376953125,0,3.0938351154327393,0.0015748526202514768,-60.0,98.41776516077537,0.0,-1181,181,0.2199999988079071,4,5,4,-19.69965362548828,-1.0001806020736694,0,-1.2621928453445435,0,-0.0494384765625,0.06103515625,-1.0011364221572876,0,-1.2593536376953125,0,3.0938351154327393,0.0015748526202514768,0.5811842679977417,0.0035117832012474537,0,1,0.45500001311302185,0.7623181332957013,-4.949999809265137,0.0035117832012474537,0.03414645779807546
8.200000000000001,-0.9967421889305115,0,-1.2586272954940796,0,0.13067688047885895,0.029410535469651222,-60.0,92.65166647062082,0.0,-1620,193,0.20999999344348907,4,5,4,-27.0,-0.9949082732200623,0,-1.2585104703903198,0,0.230712890625,0.457763671875,-0.9967421889305115,0,-1.2586272954940796,0,0.13067688047885895,0.029410535469651222,0.6050438284873962,0.007426640018820763,0,0,0.7120000123977661,0.8433504411922513,2.429999828338623,0.007426640018820763,0.014594492088276234
8.3,-0.9976041316986084,0,-1.2698670625686646,0,0.4487040638923645,0.0642939880490303,-60.0,101.24156146625799,0.0,-1620,179,0.1599999964237213,4,5,4,-6.141448020935059,-0.9957993030548096,0,-1.2731832265853882,0,0.6097412109375,0.531005859375,-0.9976041316986084,0,-1.2698670625686646,0,0.4487040638923645,0.0642939880490303,0.6017934083938599,0.012014723382890224,0,0,0.23100000619888306,0.769935570349216,-4.720000267028809,0.012014723382890224,0.059881729350036994
8.4,-0.9949256777763367,0,-1.2775990962982178,0,0.7284489274024963,0.08712229877710342,-60.0,101.24156146625799,0.0,-368,167,0.05999999865889549,4,5,4,-6.141448020935059,-0.9996406435966492,0,-1.2956013679504395,0,0.9283447265625,0.531005859375,-0.9949256777763367,0,-1.2775990962982178,0,0.7284489274024963,0.08712229877710342,0.5906000733375549,0.0031400579027831554,0,0,0.7110000252723694,0.8171009299121021,-0.019999995827674866,0.0031400579027831554,0.01178898940441464
8.5,-0.9943194389343262,0,-1.2929924726486206,0,0.936820924282074,0.10278403759002686,-60.0,101.24156146625799,0.0,-368,209,0.07999999821186066,4,5,4,-6.141448020935059,-0.9867873787879944,0,-1.3050512075424194,0,1.12060546875,0.469970703125,-0.9943194389343262,0,-1.2929924726486206,0,0.936820924282074,0.10278403759002686,0.6161425113677979,0.011824902147054672,0,0,0.6980000138282776,0.7909586926144527,2.2100000381469727,0.011824902147054672,0.010328742087352794
8.6,-0.9905726909637451,0,-1.302903175354004,0,1.081565022468567,0.11254525929689407,-60.0,101.24156146625799,0.0,-368,212,0.17000000178813934,4,5,4,-6.141448020935059,-0.9897440075874329,0,-1.3095788955688477,0,1.20849609375,0.384521484375,-0.9905726909637451,0,-1.302903175354004,0,1.081565022468567,0.11254525929689407,0.6183575391769409,0.011530800722539425,0,0,0.7059999704360962,0.7656611893416201,-0.06999999284744263,0.011530800722539425,0.0066290243228359635
8.700000000000001,-0.9909102916717529,0,-1.3051722049713135,0,1.1651902198791504,0.11672276258468628,-60.0,101.24156146625799,0.0,-368,227,0.12999999523162842,4,5,4,-6.141448020935059,-0.9897883534431458,0,-1.3075535297393799,0,1.3018798828125,0.25634765625,-0.9909102916717529,0,-1.3051722049713135,0,1.1651902198791504,0.11672276258468628,0.6282845735549927,0.011634199880063534,0,0,0.23199999332427979,0.7477602384694556,-2.4200000762939453,0.011634199880063534,0.05730669390501952
8.8,-0.989672839641571,0,-1.3086531162261963,0,1.2871954441070557,0.11851825565099716,-60.0,101.24156146625799,0.0,-368,236,0.15000000596046448,4,5,4,-6.141448020935059,-0.984811007976532,0,-1.3163892030715942,0,1.3568115234375,0.067138671875,-0.989672839641571,0,-1.3086531162261963,0,1.2871954441070557,0.11851825565099716,0.5827127695083618,0.0029266735073179007,0,0,0.7149999737739563,0.8335328538887413,0.020000005140900612,0.0029266735073179007,0.013170320012753978
8.9,-0.9817603826522827,0,-1.3150360584259033,0,1.3885505199432373,0.11773195117712021,-60.0,92.64667732993144,0.0,-368,196,0.15000000596046448,4,5,4,-27.0,-0.9766459465026855,0,-1.3109208345413208,0,1.4227294921875,0.10986328125,-0.9817603826522827,0,-1.3150360584259033,0,1.3885505199432373,0.11773195117712021,0.6278313398361206,0.011604329571127892,0,0,0.4790000021457672,0.8146934322858147,-2.3899998664855957,0.011604329571127892,0.03729927001556099
9.0,-0.9751132130622864,0,-1.3180314302444458,0,1.4397222995758057,0.11184554547071457,-60.0,97.16256785208357,0.0,-1399,237,0.20000000298023224,4,5,4,-23.319805145263672,-0.9690240025520325,0,-1.3211925029754639,0,1.4666748046875,0.140380859375,-0.9751132130622864,0,-1.3180314302444458,0,1.4397222995758057,0.11184554547071457,0.624213457107544,0.007167438976466656,0,1,0.722000002861023,0.7453106143359326,-0.06999972462654114,0.007167438976466656,0.0025900679416566152
9.1,-0.9657665491104126,0,-1.3228906393051147,0,1.5518996715545654,0.11637349426746368,-60.0,96.59917312276187,0.0,-1399,227,0.1899999976158142,4,5,4,-24.77328872680664,-0.9638087153434753,0,-1.3210861682891846,0,1.6094970703125,0.1220703125,-0.9657665491104126,0,-1.3228906393051147,0,1.5518996715545654,0.11637349426746368,0.6530395746231079,0.011448262259364128,0,1,0.7250000238418579,0.758586322350317,0.13999974727630615,0.011448262259364128,0.0037318109453843284
9.200000000000001,-0.9640052318572998,0,-1.3206855058670044,0,1.6249923706054688,0.11790861934423447,-60.0,97.5139036559967,0.0,-1399,236,0.20000000298023224,4,5,4,-22.365638732910156,-0.9612115025520325,0,-1.320735216140747,0,1.669921875,0.13427734375,-0.9640052318572998,0,-1.3206855058670044,0,1.6249923706054688,0.11790861934423447,0.6467005014419556,0.01141559612005949,0,0,0.7279999852180481,0.8318153955948311,0.06999984383583069,0.01141559612005949,0.011535045597420246
9.3,-0.9615259766578674,0,-1.3260746002197266,0,1.700305461883545,0.11792823672294617,-60.0,97.90920385420726,0.0,-1274,225,0.17000000178813934,4,5,4,-21.240890502929688,-0.9588931202888489,0,-1.3280161619186401,0,1.73583984375,0.10986328125,-0.9615259766578674,0,-1.3260746002197266,0,1.700305461883545,0.11792823672294617,0.6431926488876343,0.011382926255464554,0,1,0.7179999947547913,0.7647420127897735,-0.03000015765428543,0.011382926255464554,0.005193557559442508
9.4,-0.9540382027626038,0,-1.3239219188690186,0,1.7524702548980713,0.11603466421365738,-60.0,97.08368802886466,0.0,-1411,211,0.20999999344348907,4,5,4,-23.528711318969727,-0.9507223963737488,0,-1.3230243921279907,0,1.7742919921875,0.054931640625,-0.9540382027626038,0,-1.3239219188690186,0,1.7524702548980713,0.11603466421365738,0.6621598601341248,0.011098274029791355,0,0,0.4819999933242798,0.7835908362533199,-2.4699997901916504,0.011098274029791355,0.033510093658782214
9.5,-0.9491046667098999,0,-1.3207656145095825,0,1.8010684251785278,0.11202090233564377,-60.0,94.6615633634151,0.0,-1620,182,0.2800000011920929,4,5,4,-27.0,-0.9507559537887573,0,-1.32195246219635,0,1.8182373046875,-0.006103515625,-0.9491046667098999,0,-1.3207656145095825,0,1.8010684251785278,0.11202090233564377,0.6460137367248535,0.006667121313512325,0,0,0.4869999885559082,0.7605628222085983,-0.030000096186995506,0.006667121313512325,0.030395870405854453
9.600000000000001,-0.9464212656021118,0,-1.3241885900497437,0,1.791913390159607,0.1000509262084961,-78.03762691452995,73.82881722668617,0.0,1247,169,0.27000001072883606,4,5,4,20.790300369262695,-0.9454478621482849,0,-1.325181484222412,0,1.77978515625,-0.0244140625,-0.9464212656021118,0,-1.3241885900497437,0,1.791913390159607,0.1000509262084961,0.6687226295471191,0.006597226485610008,0,0,0.48100000619888306,0.7371950710273464,-0.029999973252415657,0.006597226485610008,0.028466118314273703
9.700000000000001,-0.9379240870475769,0,-1.326995611190796,0,1.7658885717391968,0.08873255550861359,-85.31101716733548,68.0277006279612,0.0,1620,166,0.23000000417232513,4,5,4,27.0,-0.9375139474868774,0,-1.329131841659546,0,1.768798828125,0.03662109375,-0.9379240870475769,0,-1.326995611190796,0,1.7658885717391968,0.08873255550861359,0.6603984236717224,0.006291867699474096,0,1,0.2409999966621399,0.697084214288724,-2.450000047683716,0.006291867699474096,0.05067602418073158
9.8,-0.933302104473114,0,-1.3307554721832275,0,1.707772970199585,0.06898218393325806,-61.30685526019531,87.17295988643146,0.0,-1403,153,0.2800000011920929,4,5,4,-23.388309478759766,-0.9321853518486023,0,-1.333075761795044,0,1.6864013671875,-0.0732421875,-0.933302104473114,0,-1.3307554721832275,0,1.707772970199585,0.06898218393325806,0.5630496740341187,0.001893602660857141,0,0,0.24300000071525574,0.7744795685713928,2.430000066757202,0.001893602660857141,0.05905328531734855
9.9,-0.9263604879379272,0,-1.3283532857894897,0,1.7868067026138306,0.07307782769203186,-98.50325771596354,60.0,0.0,1620,147,0.33000001311302185,4,5,4,27.0,-0.9269874095916748,0,-1.3327313661575317,0,1.8292236328125,0.103759765625,-0.9263604879379272,0,-1.3283532857894897,0,1.7868067026138306,0.07307782769203186,0.4418061375617981,0.0018661593785509467,0,1,0.4909999966621399,0.7823240887234472,-0.02000000700354576,0.0018661593785509467,0.032369343562367536
10.0,-0.9220432043075562,0,-1.3368488550186157,0,1.8718496561050415,0.06609075516462326,-60.0,93.48966043531937,0.0,-1620,178,0.28999999165534973,4,5,4,-27.0,-0.9217516779899597,0,-1.3336974382400513,0,1.8896484375,0.08544921875,-0.9220432043075562,0,-1.3368488550186157,0,1.8718496561050415,0.06609075516462326,0.39239439368247986,0.010586344636976719,0,1,0.7480000257492065,0.74557955547726,2.5,0.010586344636976719,-0.00026894114132736124
10.100000000000001,-0.9095693230628967,0,-1.339813232421875,0,2.154588460922241,0.07904355227947235,-60.0,95.98601176219628,9.820760961666666,-1620,151,0.25,4,5,4,-26.2639102935791,-0.906406581401825,0,-1.342203140258789,0,2.1807861328125,0.06103515625,-0.9095693230628967,0,-1.339813232421875,0,2.154588460922241,0.07904355227947235,0.41147124767303467,0.014892340637743473,1,0,0.5080000162124634,0.7335276917365317,2.5299999713897705,0.014892340637743473,0.025058630613785327
10.200000000000001,-0.876293420791626,0,-1.3565645217895508,0,2.178828001022339,0.06000259891152382,-73.4471564666511,77.49008843386149,9.820760961666666,-1620,189,0.20999999344348907,4,5,4,-27.0,-0.8665108680725098,0,-1.3526555299758911,0,2.1697998046875,-0.048828125,-0.876293420791626,0,-1.3565645217895508,0,2.178828001022339,0.06000259891152382,0.3695193827152252,0.00549736712127924,1,0,0.2540000081062317,0.7740338568459711,-2.5400002002716064,0.00549736712127924,0.05778153874885994
10.3,-0.8159836530685425,0,-1.3813445568084717,0,1.4365530014038086,-0.042534321546554565,-73.4471564666511,77.49008843386149,9.820760961666666,-1620,32,0.09000000357627869,4,5,4,-27.0,-0.8099294304847717,0,-1.3812440633773804,0,1.241455078125,-0.67138671875,-0.8159836530685425,0,-1.3813445568084717,0,1.4365530014038086,-0.042534321546554565,0.3919495940208435,0.009814701974391937,1,0,0.0,0.6882678115107962,0.0,0.009814701974391937,0.0764742012789773
10.4,-0.723970353603363,0,-1.3822238445281982,0,0.6773605346679688,-0.37956321239471436,-105.0,60.0,9.820760961666666,1255,47,0.11999999731779099,4,5,4,20.92397117614746,-0.7141059637069702,0,-1.3856301307678223,0,-2.9443359375,-1.35498046875,-0.723970353603363,0,-1.3822238445281982,0,0.6773605346679688,-0.37956321239471436,0.17854933440685272,0.00011186618939973414,1,0,0.23899999260902405,0.7291317518888903,2.390000104904175,0.00011186618939973414,0.05445908436442959
10.5,-0.6209896802902222,0,-1.369340181350708,0,2.2530200481414795,-0.7999258041381836,-105.0,60.0,9.820760961666666,-1255,287,0.11999999731779099,4,5,4,-11.835075378417969,-0.6170182824134827,0,-1.3640459775924683,0,-10.777587890625,-1.226806640625,-0.6209896802902222,0,-1.369340181350708,0,2.2530200481414795,-0.7999258041381836,0.046032246202230453,-0.012980330735445023,1,0,1.246000051498413,0.8091065451375797,12.460000038146973,-0.012980330735445023,-0.04854372292898146
10.600000000000001,-0.6080759167671204,0,-1.3762016296386719,0,1.6328006982803345,-0.8211045265197754,-105.0,60.0,9.820760961666666,-710,269,0.14000000059604645,4,5,4,-11.835075378417969,-0.5931460857391357,0,-1.3891263008117676,0,-11.2664794921875,-1.23291015625,-0.6080759167671204,0,-1.3762016296386719,0,1.6328006982803345,-0.8211045265197754,0.10438244789838791,0.009865610860288143,1,0,0.0,0.6634755639246117,0.0,0.009865610860288143,0.07371950710273467
10.700000000000001,-0.5894159078598022,0,-1.4004008769989014,0,1.145706057548523,-0.8359257578849792,-105.0,60.0,9.820760961666666,-710,251,0.1599999964237213,4,5,4,-11.835075378417969,-0.5745983123779297,0,-1.4113168716430664,0,-11.8597412109375,-1.153564453125,-0.5894159078598022,0,-1.4004008769989014,0,1.145706057548523,-0.8359257578849792,0.08286008983850479,-0.01281001791357994,1,0,0.0,0.6273757928598516,-2.4099998474121094,-0.01281001791357994,0.06970842142887246
10.8,-0.5738096833229065,0,-1.410888671875,0,0.45072391629219055,-0.8526862859725952,-105.0,60.0,9.820760961666666,-710,274,0.10000000149011612,4,5,4,-11.835075378417969,-0.5665518045425415,0,-1.4150547981262207,0,-12.5299072265625,-1.07421875,-0.5738096833229065,0,-1.410888671875,0,0.45072391629219055,-0.8526862859725952,0.08335760235786438,-0.012686445377767086,1,0,0.0,0.6970316117142535,0.0,-0.012686445377767086,0.07744795685713923
10.9,-0.5511837601661682,0,-1.3983010053634644,0,2.463452100753784,-0.8645718693733215,-100.32098961060818,60.0,9.820760961666666,1620,304,0.09000000357627869,4,5,4,27.0,-0.5458168387413025,0,-1.4003623723983765,0,-13.4912109375,-0.8544921875,-0.5511837601661682,0,-1.3983010053634644,0,2.463452100753784,-0.8645718693733215,0.044174280017614365,-0.012434203177690506,1,0,0.0,0.7040916798511024,0.0,-0.012434203177690506,0.07823240887234473
11.0,-0.5280129909515381,0,-1.4039825201034546,0,1.3896126747131348,-0.8306500315666199,-105.0,60.0,9.820760961666666,-171,212,0.11999999731779099,4,5,4,-2.853586196899414,-0.5206940174102783,0,-1.403247356414795,0,-14.4525146484375,-0.37841796875,-0.5280129909515381,0,-1.4039825201034546,0,1.3896126747131348,-0.8306500315666199,0.018582820892333984,-0.012098299339413643,1,1,0.0,0.6710215999295339,0.0,-0.012098299339413643,0.07455795554772604
11.100000000000001,-0.5076066851615906,0,-1.4163076877593994,0,1.0540013313293457,-0.7255364060401917,-105.0,60.0,9.820760961666666,-710,293,0.019999999552965164,4,5,4,-11.835075378417969,-0.5033757090568542,0,-1.416129469871521,0,-14.6612548828125,0.006103515625,-0.5076066851615906,0,-1.4163076877593994,0,1.0540013313293457,-0.7255364060401917,0.007378758396953344,-0.011749996803700924,1,0,0.0,0.6601749225628785,0.0,-0.011749996803700924,0.07335276917365319
11.200000000000001,-0.49279409646987915,0,-1.4288064241409302,0,1.4033366441726685,-0.5623965859413147,-105.0,60.0,9.820760961666666,-710,122,0.05999999865889549,4,5,4,-11.835075378417969,-0.4908409118652344,0,-1.426373839378357,0,-14.1558837890625,0.433349609375,-0.49279409646987915,0,-1.4288064241409302,0,1.4033366441726685,-0.5623965859413147,0.0026104410644620657,-0.011370128951966763,1,0,0.0,0.696630471161374,0.0,-0.011370128951966763,0.07740338568459715
11.3,-0.4651208519935608,0,-1.4792613983154297,0,3.015693426132202,-0.28178471326828003,-60.0,99.04445016538436,9.820760961666666,-710,272,0.09000000357627869,4,5,4,-17.615934371948242,-0.46130654215812683,0,-1.4838788509368896,0,-12.3321533203125,1.03759765625,-0.4651208519935608,0,-1.4792613983154297,0,3.015693426132202,-0.28178471326828003,0.0006531626568175852,-0.010882672853767872,1,0,0.0,0.6194410303597165,0.0,-0.010882672853767872,0.06882678115107965
11.4,-0.4362708628177643,0,-1.5248546600341797,0,0.47798243165016174,0.13483476638793945,-60.0,101.24156146625799,9.820760961666666,-710,65,0.33000001311302185,4,5,4,-6.141448020935059,-0.42995351552963257,0,-1.5430816411972046,0,-8.514404296875,1.666259765625,-0.4362708628177643,0,-1.5248546600341797,0,0.47798243165016174,0.13483476638793945,0.0001224549050675705,-0.010321461595594883,1,1,0.0,0.6562185767000013,0.0,-0.010321461595594883,0.07291317518888907
11.5,-0.3965550661087036,0,-1.572597861289978,0,0.41949182748794556,0.6094824075698853,-60.0,101.24156146625799,9.820760961666666,-710,77,0.38999998569488525,4,5,4,-6.141448020935059,-0.39113733172416687,0,-1.5880581140518188,0,-2.318115234375,1.385498046875,-0.3965550661087036,0,-1.572597861289978,0,0.41949182748794556,0.6094824075698853,0.0063185421749949455,-0.009674041531980038,1,0,0.11500000208616257,0.739695890832438,0.02999996580183506,-0.009674041531980038,0.0694106543051417
11.600000000000001,-0.4389823079109192,0,-1.6324336528778076,0,1.6433382034301758,0.7582222819328308,-60.0,101.24156146625799,9.820760961666666,-710,67,0.4000000059604645,4,5,4,-6.141448020935059,-0.4600178003311157,0,-1.6276029348373413,0,1.922607421875,1.06201171875,-0.4389823079109192,0,-1.6324336528778076,0,1.6433382034301758,0.7582222819328308,0.09762503951787949,-0.009136047214269638,1,0,0.30799999833106995,0.6279280073652576,-0.23000000417232513,-0.009136047214269638,0.035547556559354154
11.700000000000001,-0.46604272723197937,0,-1.6250237226486206,0,2.1600003242492676,0.7702198624610901,-60.0,101.24156146625799,9.820760961666666,-368,76,0.44999998807907104,4,5,4,-6.141448020935059,-0.4820311963558197,0,-1.6243534088134766,0,2.4334716796875,0.958251953125,-0.46604272723197937,0,-1.6250237226486206,0,2.1600003242492676,0.7702198624610901,0.13932089507579803,-0.003467353293672204,1,1,0.0,0.5646382135738663,-3.120000123977661,-0.003467353293672204,0.06273757928598522
11.8,-0.5139331817626953,0,-1.6384503841400146,0,2.872957944869995,0.7886473536491394,-62.70755652241051,86.0557874180688,9.820760961666666,-1620,57,0.36000001430511475,4,5,4,-27.0,-0.5511268377304077,0,-1.6376110315322876,0,3.1585693359375,1.080322265625,-0.5139331817626953,0,-1.6384503841400146,0,2.872957944869995,0.7886473536491394,0.1216474324464798,-0.009000325575470924,1,0,0.0,0.6273284505428282,0.0,-0.009000325575470924,0.06970316117142539
11.9,-0.5964258909225464,0,-1.622194766998291,0,0.525201678276062,0.8076140880584717,-73.4471564666511,77.49008843386149,9.820760961666666,-1620,59,0.25999999046325684,4,5,4,-27.0,-0.6218733787536621,0,-1.6211789846420288,0,3.988037109375,0.994873046875,-0.5964258909225464,0,-1.622194766998291,0,0.525201678276062,0.8076140880584717,0.08922144025564194,-0.008879698812961578,1,1,0.2919999957084656,0.6628825114368387,-0.06000007688999176,-0.008879698812961578,0.0412091684142637
