time,x_filter,u_filter,y_filter,vm_filter,psi_filter,r_filter,rudder_left_RC,rudder_right_RC,rps_readback,bow_readback,winddir,windspeed,n_bt_rps_cmd,ref_x,ref_u,ref_y,ref_vm,ref_psi,ref_r,x_raw,u_dop_raw,y_raw,vm_dop_raw,psi_raw_rad,r_raw_rad,kf_linear_x,kf_linear_u,kf_linear_y,kf_linear_v,kf_linear_psi,kf_linear_r,automode,bowstate,dist_m_lidar,dist_m_lidar_ma,velo_ms_lidar_ma
0.0,-2.8977339267730713,0,-1.2600866556167603,0,2.154136896133423,0.17254731059074402,12.401575088500977,12.090896606445312,0.0,1620,143,0.46000000834465027,0.0,0,0,0,0,0,0,-2.8966658115386963,0,-1.258651614189148,0,5.3118896484375,0.274658203125,-2.8977339267730713,0,-1.2600866556167603,0,2.154136896133423,0.17254731059074402,0,1,0.6919999718666077,0.9692000150680542,0.307999849319458
0.1,-2.8971078395843506,0,-1.2588330507278442,0,2.1844942569732666,0.18226060271263123,12.401575088500977,12.727264404296875,0.0,-1620,143,0.46000000834465027,-27.0,0,0,0,0,0,0,-2.8967208862304688,0,-1.2580583095550537,0,5.3448486328125,0.274658203125,-2.8971078395843506,0,-1.2588330507278442,0,2.1844942569732666,0.18226060271263123,0,1,0.6909999847412109,0.9413800239562988,0.2781999111175537
0.2,-2.8967385292053223,0,-1.253197431564331,0,2.209669351577759,0.18988873064517975,12.401575088500977,12.727264404296875,0.0,-1620,161,0.3799999952316284,-27.0,0,0,0,0,0,0,-2.896510362625122,0,-1.2497144937515259,0,5.3668212890625,0.262451171875,-2.8967385292053223,0,-1.253197431564331,0,2.209669351577759,0.18988873064517975,0,1,0.6930000185966492,0.9165419340133667,0.2483808994293213
0.30000000000000004,-2.89046573638916,0,-1.252310037612915,0,2.251910448074341,0.18448495864868164,12.952753067016602,12.727264404296875,0.0,-1620,161,0.3799999952316284,-27.0,0,0,0,0,0,0,-2.888676643371582,0,-1.252358317375183,0,5.3887939453125,0.1953125,-2.89046573638916,0,-1.252310037612915,0,2.251910448074341,0.18448495864868164,0,0,0.6940000057220459,0.8942877650260925,0.2225416898727417
0.4,-2.8877487182617188,0,-1.2528600692749023,0,2.265974760055542,0.17564478516578674,12.952753067016602,12.727264404296875,0.0,-1620,161,0.3799999952316284,-27.0,0,0,0,0,0,0,-2.8860692977905273,0,-1.2532000541687012,0,5.4052734375,0.128173828125,-2.8877487182617188,0,-1.2528600692749023,0,2.265974760055542,0.17564478516578674,0,0,0.6949999928474426,0.8743589520454407,0.19928812980651855
0.5,-2.8865535259246826,0,-1.2482068538665771,0,2.2747418880462646,0.1612589806318283,12.952753067016602,12.090896606445312,0.0,-1620,213,0.36000001430511475,-27.0,0,0,0,0,0,0,-2.885814905166626,0,-1.245331048965454,0,5.4217529296875,0.0244140625,-2.8865535259246826,0,-1.2482068538665771,0,2.2747418880462646,0.1612589806318283,0,1,0.6970000267028809,0.8566230535507202,0.1773589849472046
0.6000000000000001,-2.8863847255706787,0,-1.240649938583374,0,2.279369831085205,0.13035210967063904,13.503934860229492,12.727264404296875,0.0,-1620,213,0.36000001430511475,-27.0,0,0,0,0,0,0,-2.8884670734405518,0,-1.2440147399902344,0,5.4217529296875,-0.006103515625,-2.8863847255706787,0,-1.240649938583374,0,2.279369831085205,0.13035210967063904,0,0,0.699999988079071,0.8409608006477356,0.1566225290298462
0.7000000000000001,-2.8858683109283447,0,-1.2387529611587524,0,2.279858350753784,0.11504939943552017,12.952753067016602,12.727264404296875,0.0,-1620,202,0.3400000035762787,-27.0,0,0,0,0,0,0,-2.885549306869507,0,-1.23758065700531,0,5.4217529296875,-0.01220703125,-2.8858683109283447,0,-1.2387529611587524,0,2.279858350753784,0.11504939943552017,0,0,0.7009999752044678,0.8269647359848022,0.1399606466293335
0.8,-2.8822357654571533,0,-1.2347921133041382,0,2.2766499519348145,0.10004115849733353,12.401575088500977,13.363628387451172,0.0,-1620,202,0.3400000035762787,-27.0,0,0,0,0,0,0,-2.879990577697754,0,-1.232344150543213,0,5.416259765625,-0.042724609375,-2.8822357654571533,0,-1.2347921133041382,0,2.2766499519348145,0.10004115849733353,0,0,0.7009999752044678,0.8143682479858398,0.12596487998962402
0.9,-2.8864879608154297,0,-1.2204817533493042,0,2.2702646255493164,0.07707482576370239,12.952753067016602,12.727264404296875,0.0,-710,188,0.36000001430511475,-11.835075378417969,0,0,0,0,0,0,-2.879979372024536,0,-1.232462763786316,0,5.4107666015625,-0.042724609375,-2.8864879608154297,0,-1.2204817533493042,0,2.2702646255493164,0.07707482576370239,0,1,0.7009999752044678,0.8030314445495605,0.11336803436279297
1.0,-2.890105962753296,0,-1.210108757019043,0,2.26619553565979,0.06625951081514359,12.952753067016602,12.727264404296875,0.0,-710,201,0.3799999952316284,-11.835075378417969,0,0,0,0,0,0,-2.8923420906066895,0,-1.2036978006362915,0,5.4107666015625,-0.01220703125,-2.890105962753296,0,-1.210108757019043,0,2.26619553565979,0.06625951081514359,0,1,0.7009999752044678,0.7928282618522644,0.10203182697296143
1.1,-2.8877108097076416,0,-1.1952625513076782,0,2.260652780532837,0.04488013684749603,12.952753067016602,12.727264404296875,0.0,-710,201,0.3799999952316284,-27.0,0,0,0,0,0,0,-2.8894128799438477,0,-1.1973823308944702,0,5.4052734375,-0.03662109375,-2.8877108097076416,0,-1.1952625513076782,0,2.260652780532837,0.04488013684749603,0,0,0.7020000219345093,0.7837454080581665,0.090828537940979
1.2000000000000002,-2.8853204250335693,0,-1.1934096813201904,0,2.2557342052459717,0.03538554906845093,12.952753067016602,12.727264404296875,0.0,-785,201,0.3799999952316284,-13.088946342468262,0,0,0,0,0,0,-2.8864951133728027,0,-1.190948247909546,0,5.3997802734375,-0.048828125,-2.8853204250335693,0,-1.1934096813201904,0,2.2557342052459717,0.03538554906845093,0,1,0.7049999833106995,0.7758708596229553,0.07874548435211182
1.3,-2.887664794921875,0,-1.19129478931427,0,2.250460624694824,0.02737473137676716,12.952753067016602,12.727264404296875,0.0,-785,205,0.41999998688697815,-11.835075378417969,0,0,0,0,0,0,-2.889113664627075,0,-1.1899877786636353,0,5.3887939453125,-0.048828125,-2.887664794921875,0,-1.19129478931427,0,2.250460624694824,0.02737473137676716,0,1,0.7059999704360962,0.7688837647438049,0.0698709487915039
1.4000000000000001,-2.879626750946045,0,-1.1879266500473022,0,2.2395901679992676,0.010829395614564419,12.952753067016602,12.090896606445312,9.820760961666666,-710,224,0.3499999940395355,-11.835075378417969,0,0,0,0,0,0,-2.8782618045806885,0,-1.187265396118164,0,5.38330078125,-0.067138671875,-2.879626750946045,0,-1.1879266500473022,0,2.2395901679992676,0.010829395614564419,1,1,0.7099999785423279,0.7629953622817993,0.05888402462005615
1.5,-2.8820338249206543,0,-1.1861841678619385,0,2.2307143211364746,0.002832092810422182,12.952753067016602,12.727264404296875,9.820760961666666,-710,224,0.3499999940395355,-11.835075378417969,0,0,0,0,0,0,-2.883521318435669,0,-1.1851073503494263,0,5.3778076171875,-0.06103515625,-2.8820338249206543,0,-1.1861841678619385,0,2.2307143211364746,0.002832092810422182,1,1,0.7110000252723694,0.7577958106994629,0.05199551582336426
1.6,-2.8889694213867188,0,-1.1877537965774536,0,2.22133731842041,-0.006418336648494005,10.196849822998047,13.999992370605469,9.820760961666666,-710,243,0.30000001192092896,-11.835075378417969,0,0,0,0,0,0,-2.8861398696899414,0,-1.1841468811035156,0,5.361328125,-0.06103515625,-2.8889694213867188,0,-1.1877537965774536,0,2.22133731842041,-0.006418336648494005,1,0,0.7120000123977661,0.7532162070274353,0.04579603672027588
1.7000000000000002,-2.891119956970215,0,-1.184530258178711,0,2.2199692726135254,-0.0017717484151944518,6.889760971069336,18.45453643798828,9.820760961666666,-710,237,0.4399999976158142,-11.835075378417969,0,0,0,0,0,0,-2.8916876316070557,0,-1.1895020008087158,0,5.361328125,0.0,-2.891119956970215,0,-1.184530258178711,0,2.2199692726135254,-0.0017717484151944518,1,1,0.7120000123977661,0.7490946054458618,0.04121601581573486
1.8,-2.891138792037964,0,-1.1756666898727417,0,2.227856159210205,0.0062910402193665504,3.5826759338378906,22.272720336914062,0.0,-710,237,0.4399999976158142,-20.13266372680664,0,0,0,0,0,0,-2.8911337852478027,0,-1.1742384433746338,0,5.3668212890625,0.042724609375,-2.891138792037964,0,-1.1756666898727417,0,2.227856159210205,0.0062910402193665504,0,1,0.7129999995231628,0.7454851269721985,0.0360947847366333
1.9000000000000001,-2.894242763519287,0,-1.1684402227401733,0,2.2330222129821777,0.007434394676238298,-0.29787296056747437,25.454532623291016,0.0,-1620,221,0.3799999952316284,-27.0,0,0,0,0,0,0,-2.8961610794067383,0,-1.1639740467071533,0,5.372314453125,0.042724609375,-2.894242763519287,0,-1.1684402227401733,0,2.2330222129821777,0.007434394676238298,0,1,0.7120000123977661,0.7421365976333618,0.0334852933883667
2.0,-2.8996074199676514,0,-1.158044457435608,0,2.232354164123535,0.00028130991267971694,0.2755851745605469,28.63636016845703,0.0,-1620,221,0.3799999952316284,-27.0,0,0,0,0,0,0,-2.898813247680664,0,-1.1626577377319336,0,5.3778076171875,0.018310546875,-2.8996074199676514,0,-1.158044457435608,0,2.232354164123535,0.00028130991267971694,0,0,0.7160000205039978,0.7395229339599609,0.02613663673400879
2.1,-2.8987674713134766,0,-1.1515355110168457,0,2.224555492401123,-0.009034993126988411,4.133857727050781,25.454532623291016,0.0,-1620,221,0.3799999952316284,-27.0,0,0,0,0,0,0,-2.8982481956481934,0,-1.1475127935409546,0,5.372314453125,-0.06103515625,-2.8987674713134766,0,-1.1515355110168457,0,2.224555492401123,-0.009034993126988411,0,0,0.7179999947547913,0.7373706102371216,0.021523237228393555
2.2,-2.9013843536376953,0,-1.142251968383789,0,2.2042653560638428,-0.03388574346899986,6.889760971069336,21.636356353759766,0.0,1620,220,0.5199999809265137,20.030195236206055,0,0,0,0,0,0,-2.898225784301758,0,-1.1477501392364502,0,5.350341796875,-0.152587890625,-2.9013843536376953,0,-1.142251968383789,0,2.2042653560638428,-0.03388574346899986,0,1,0.7200000286102295,0.7356335520744324,0.01737058162689209
2.3000000000000003,-2.896982192993164,0,-1.1302040815353394,0,2.1859331130981445,-0.04085148498415947,10.196849822998047,17.818172454833984,0.0,1620,220,0.5199999809265137,27.0,0,0,0,0,0,0,-2.9032087326049805,0,-1.1379603147506714,0,5.33935546875,-0.140380859375,-2.896982192993164,0,-1.1302040815353394,0,2.1859331130981445,-0.04085148498415947,0,0,0.7229999899864197,0.7343701720237732,0.012633800506591797
2.4000000000000004,-2.895557165145874,0,-1.128151535987854,0,2.179664373397827,-0.03928787633776665,12.952753067016602,13.363628387451172,0.0,1620,201,0.5899999737739563,27.0,0,0,0,0,0,0,-2.8946876525878906,0,-1.1267644166946411,0,5.3228759765625,-0.054931640625,-2.895557165145874,0,-1.128151535987854,0,2.179664373397827,-0.03928787633776665,0,1,0.7239999771118164,0.733333170413971,0.010370016098022461
2.5,-2.893373966217041,0,-1.1281810998916626,0,2.17726993560791,-0.035550620406866074,12.952753067016602,12.727264404296875,0.0,1620,173,0.7799999713897705,27.0,0,0,0,0,0,0,-2.892024517059326,0,-1.1281993389129639,0,5.3173828125,-0.0244140625,-2.893373966217041,0,-1.1281810998916626,0,2.17726993560791,-0.035550620406866074,0,0,0.7239999771118164,0.7323998212814331,0.009333491325378418
2.6,-2.8909077644348145,0,-1.1289325952529907,0,2.1763553619384766,-0.03216886892914772,12.952753067016602,12.090896606445312,0.0,1620,173,0.7799999713897705,21.269567489624023,0,0,0,0,0,0,-2.889383554458618,0,-1.1293970346450806,0,5.3173828125,0.0,-2.8909077644348145,0,-1.1289325952529907,0,2.1763553619384766,-0.03216886892914772,0,0,0.7229999899864197,0.7314598560333252,0.009399652481079102
2.7,-2.8797905445098877,0,-1.1223607063293457,0,2.175872564315796,-0.029823414981365204,12.952753067016602,12.727264404296875,0.0,-1620,178,0.4699999988079071,-23.542375564575195,0,0,0,0,0,0,-2.8838248252868652,0,-1.124160647392273,0,5.3173828125,0.0,-2.8797905445098877,0,-1.1223607063293457,0,2.175872564315796,-0.029823414981365204,0,1,0.7239999771118164,0.7307138442993164,0.007460117340087891
2.8000000000000003,-2.8804805278778076,0,-1.1194965839385986,0,2.1690316200256348,-0.03395362198352814,12.952753067016602,12.727264404296875,0.0,-1258,168,0.5099999904632568,-20.974504470825195,0,0,0,0,0,0,-2.880906820297241,0,-1.117726445198059,0,5.3173828125,-0.03662109375,-2.8804805278778076,0,-1.1194965839385986,0,2.1690316200256348,-0.03395362198352814,0,0,0.7250000238418579,0.7301424741744995,0.005713701248168945
2.9000000000000004,-2.8855600357055664,0,-1.1228065490722656,0,2.149247407913208,-0.04898018762469292,12.952753067016602,12.090896606445312,0.0,1258,168,0.5099999904632568,27.0,0,0,0,0,0,0,-2.886443614959717,0,-1.1232002973556519,0,5.306396484375,-0.0732421875,-2.8855600357055664,0,-1.1228065490722656,0,2.149247407913208,-0.04898018762469292,0,0,0.7289999723434448,0.7300282716751099,0.0011420249938964844
3.0,-2.8829855918884277,0,-1.1295403242111206,0,2.1384921073913574,-0.05535228177905083,12.952753067016602,12.727264404296875,0.0,1258,168,0.5099999904632568,27.0,0,0,0,0,0,0,-2.881394624710083,0,-1.133702039718628,0,5.284423828125,-0.13427734375,-2.8829855918884277,0,-1.1295403242111206,0,2.1384921073913574,-0.05535228177905083,0,1,0.7310000061988831,0.7301254272460938,-0.0009715557098388672
3.1,-2.8703386783599854,0,-1.1499686241149902,0,2.1166412830352783,-0.06163569912314415,12.952753067016602,12.090896606445312,0.0,1258,190,0.49000000953674316,27.0,0,0,0,0,0,0,-2.8737268447875977,0,-1.145164132118225,0,5.2734375,-0.115966796875,-2.8703386783599854,0,-1.1499686241149902,0,2.1166412830352783,-0.06163569912314415,0,0,0.734000027179718,0.7305129170417786,-0.0038748979568481445
3.2,-2.860751152038574,0,-1.1652354001998901,0,2.109563112258911,-0.05024632439017296,12.952753067016602,12.727264404296875,0.0,1620,79,0.2800000011920929,27.0,0,0,0,0,0,0,-2.861032247543335,0,-1.1668907403945923,0,5.25146484375,-0.06103515625,-2.860751152038574,0,-1.1652354001998901,0,2.109563112258911,-0.05024632439017296,0,0,0.7329999804496765,0.7307616472244263,-0.0024873018264770508
3.3000000000000003,-2.864017963409424,0,-1.1600613594055176,0,2.1097540855407715,-0.044305454939603806,13.503934860229492,12.090896606445312,0.0,1620,91,0.18000000715255737,27.0,0,0,0,0,0,0,-2.866037130355835,0,-1.1568635702133179,0,5.25146484375,0.0244140625,-2.864017963409424,0,-1.1600613594055176,0,2.1097540855407715,-0.044305454939603806,0,0,0.7329999804496765,0.7309854626655579,-0.002238154411315918
3.4000000000000004,-2.8778584003448486,0,-1.1470413208007812,0,2.1098549365997314,-0.04086679965257645,12.952753067016602,12.090896606445312,0.0,-1620,91,0.18000000715255737,-27.0,0,0,0,0,0,0,-2.876600980758667,0,-1.1520729064941406,0,5.25146484375,0.01220703125,-2.8778584003448486,0,-1.1470413208007812,0,2.1098549365997314,-0.04086679965257645,0,1,0.7329999804496765,0.7311869263648987,-0.002014636993408203
3.5,-2.8767569065093994,0,-1.133376121520996,0,2.101783037185669,-0.04463178664445877,12.952753067016602,12.727264404296875,0.0,-1620,135,0.17000000178813934,-19.567052841186523,0,0,0,0,0,0,-2.878688097000122,0,-1.135611653327942,0,5.25146484375,-0.042724609375,-2.8767569065093994,0,-1.133376121520996,0,2.101783037185669,-0.04463178664445877,0,1,0.734000027179718,0.7314682602882385,-0.0028133392333984375
3.6,-2.874159097671509,0,-1.12223482131958,0,2.09659743309021,-0.044450365006923676,12.401575088500977,12.090896606445312,0.0,1620,135,0.17000000178813934,27.0,0,0,0,0,0,0,-2.8757593631744385,0,-1.1292963027954102,0,5.240478515625,-0.0732421875,-2.874159097671509,0,-1.12223482131958,0,2.09659743309021,-0.044450365006923676,0,0,0.7360000014305115,0.7319214344024658,-0.004531741142272949
3.7,-2.872771978378296,0,-1.1165283918380737,0,2.0891685485839844,-0.04087499529123306,12.952753067016602,12.090896606445312,0.0,1620,212,0.07999999821186066,27.0,0,0,0,0,0,0,-2.8725428581237793,0,-1.1154676675796509,0,5.2294921875,-0.018310546875,-2.872771978378296,0,-1.1165283918380737,0,2.0891685485839844,-0.04087499529123306,0,0,0.7409999966621399,0.7328292727470398,-0.009078383445739746
3.8000000000000003,-2.878087043762207,0,-1.1132205724716187,0,2.0880846977233887,-0.03172661364078522,12.952753067016602,12.090896606445312,0.0,1620,205,0.33000001311302185,27.0,0,0,0,0,0,0,-2.8751728534698486,0,-1.1143887042999268,0,5.2294921875,0.0,-2.878087043762207,0,-1.1132205724716187,0,2.0880846977233887,-0.03172661364078522,0,1,0.7429999709129333,0.7338463068008423,-0.010170340538024902
3.9000000000000004,-2.8897087574005127,0,-1.1084076166152954,0,2.096491813659668,-0.016855699941515923,12.952753067016602,12.090896606445312,0.0,1468,192,0.4399999976158142,24.4782772064209,0,0,0,0,0,0,-2.8912954330444336,0,-1.1148344278335571,0,5.2294921875,0.018310546875,-2.8897087574005127,0,-1.1084076166152954,0,2.096491813659668,-0.016855699941515923,0,0,0.7440000176429749,0.7348616719245911,-0.010153651237487793
4.0,-2.8870961666107178,0,-1.1042799949645996,0,2.0979714393615723,-0.014091110788285732,12.401575088500977,12.727264404296875,0.0,-1468,157,0.27000001072883606,-12.403688430786133,0,0,0,0,0,0,-2.8910293579101562,0,-1.107084035873413,0,5.240478515625,0.0244140625,-2.8870961666107178,0,-1.1042799949645996,0,2.0979714393615723,-0.014091110788285732,0,1,0.7419999837875366,0.7355755567550659,-0.007138848304748535
4.1000000000000005,-2.8844661712646484,0,-1.1034435033798218,0,2.101931571960449,-0.008105923421680927,12.401575088500977,12.090896606445312,0.0,-744,157,0.27000001072883606,-24.129331588745117,0,0,0,0,0,0,-2.882840633392334,0,-1.1029266119003296,0,5.240478515625,0.01220703125,-2.8844661712646484,0,-1.1034435033798218,0,2.101931571960449,-0.008105923421680927,0,1,0.7419999837875366,0.7362180352210999,-0.0064247846603393555
4.2,-2.8814616203308105,0,-1.1035674810409546,0,2.1087136268615723,0.00010911967547144741,12.952753067016602,12.727264404296875,0.0,-665,157,0.029999999329447746,-11.087890625,0,0,0,0,0,0,-2.8828513622283936,0,-1.102807879447937,0,5.25146484375,0.0244140625,-2.8814616203308105,0,-1.1035674810409546,0,2.1087136268615723,0.00010911967547144741,0,1,0.7440000176429749,0.7369962334632874,-0.007781982421875
4.3,-2.8790132999420166,0,-1.1110254526138306,0,2.1177897453308105,0.00846691895276308,12.401575088500977,12.727264404296875,0.0,-1399,157,0.029999999329447746,-23.33064842224121,0,0,0,0,0,0,-2.8804984092712402,0,-1.1115186214447021,0,5.2569580078125,0.03662109375,-2.8790132999420166,0,-1.1110254526138306,0,2.1177897453308105,0.00846691895276308,0,0,0.746999979019165,0.7379965782165527,-0.010003447532653809
4.4,-2.8815767765045166,0,-1.1104434728622437,0,2.1230814456939697,0.012886871583759785,12.952753067016602,12.727264404296875,0.0,-1399,157,0.029999999329447746,-27.0,0,0,0,0,0,0,-2.877868175506592,0,-1.1125977039337158,0,5.262451171875,0.054931640625,-2.8815767765045166,0,-1.1104434728622437,0,2.1230814456939697,0.012886871583759785,0,1,0.7490000128746033,0.7390969395637512,-0.011003613471984863
4.5,-2.88582706451416,0,-1.1086673736572266,0,2.131892442703247,0.018628166988492012,12.952753067016602,12.727264404296875,0.0,-1620,308,0.07999999821186066,-27.0,0,0,0,0,0,0,-2.888453960418701,0,-1.107569694519043,0,5.2679443359375,0.054931640625,-2.88582706451416,0,-1.1086673736572266,0,2.131892442703247,0.018628166988492012,0,1,0.75,0.7401872873306274,-0.010903477668762207
4.6000000000000005,-2.885775089263916,0,-1.1066750288009644,0,2.1480252742767334,0.03073621354997158,12.952753067016602,12.090896606445312,0.0,-1620,308,0.07999999821186066,-27.0,0,0,0,0,0,0,-2.8855578899383545,0,-1.100898265838623,0,5.2789306640625,0.0732421875,-2.885775089263916,0,-1.1066750288009644,0,2.1480252742767334,0.03073621354997158,0,1,0.7509999871253967,0.741268515586853,-0.01081228256225586
4.7,-2.8856613636016846,0,-1.1028847694396973,0,2.1549999713897705,0.03652138262987137,12.401575088500977,13.363628387451172,0.0,-1620,100,0.20000000298023224,-27.0,0,0,0,0,0,0,-2.8855910301208496,0,-1.1005421876907349,0,5.29541015625,0.08544921875,-2.8856613636016846,0,-1.1028847694396973,0,2.1549999713897705,0.03652138262987137,0,1,0.7519999742507935,0.7423416376113892,-0.010731220245361328
4.800000000000001,-2.8838212490081787,0,-1.0973871946334839,0,2.1644539833068848,0.04059503972530365,12.952753067016602,12.090896606445312,0.0,-1620,100,0.20000000298023224,-27.0,0,0,0,0,0,0,-2.8826839923858643,0,-1.0939894914627075,0,5.3009033203125,0.091552734375,-2.8838212490081787,0,-1.0973871946334839,0,2.1644539833068848,0.04059503972530365,0,1,0.7519999742507935,0.7433074712753296,-0.009658336639404297
4.9,-2.878816604614258,0,-1.09125554561615,0,2.1775312423706055,0.03976449742913246,12.952753067016602,12.727264404296875,0.0,-1620,66,0.20000000298023224,-27.0,0,0,0,0,0,0,-2.8800652027130127,0,-1.0949498414993286,0,5.3118896484375,0.079345703125,-2.878816604614258,0,-1.09125554561615,0,2.1775312423706055,0.03976449742913246,0,0,0.7519999742507935,0.7441767454147339,-0.008692741394042969
5.0,-2.8745341300964355,0,-1.0908958911895752,0,2.1832451820373535,0.04120727255940437,12.952753067016602,12.727264404296875,0.0,-1620,97,0.23999999463558197,-27.0,0,0,0,0,0,0,-2.871887445449829,0,-1.0906736850738525,0,5.3228759765625,0.0244140625,-2.8745341300964355,0,-1.0908958911895752,0,2.1832451820373535,0.04120727255940437,0,0,0.753000020980835,0.7450591325759888,-0.008823871612548828
5.1000000000000005,-2.871837615966797,0,-1.0955309867858887,0,2.194347858428955,0.04491056501865387,12.952753067016602,12.727264404296875,0.0,-1620,97,0.23999999463558197,-21.975248336791992,0,0,0,0,0,0,-2.869257688522339,0,-1.0917527675628662,0,5.328369140625,0.054931640625,-2.871837615966797,0,-1.0955309867858887,0,2.194347858428955,0.04491056501865387,0,1,0.7540000081062317,0.7459532022476196,-0.008940696716308594
5.2,-2.8680481910705566,0,-1.1108042001724243,0,2.2053513526916504,0.0489383228123188,12.952753067016602,12.727264404296875,0.0,-1620,119,0.17000000178813934,-27.0,0,0,0,0,0,0,-2.867192506790161,0,-1.1079766750335693,0,5.33935546875,0.0732421875,-2.8680481910705566,0,-1.1108042001724243,0,2.2053513526916504,0.0489383228123188,0,1,0.7559999823570251,0.7469578981399536,-0.010046958923339844
5.300000000000001,-2.8646111488342285,0,-1.1198238134384155,0,2.210846185684204,0.04892783984541893,13.503934860229492,12.727264404296875,0.0,-1620,119,0.17000000178813934,-27.0,0,0,0,0,0,0,-2.8624868392944336,0,-1.1253982782363892,0,5.350341796875,0.067138671875,-2.8646111488342285,0,-1.1198238134384155,0,2.210846185684204,0.04892783984541893,0,1,0.7570000290870667,0.7479621171951294,-0.010042190551757812
5.4,-2.8661651611328125,0,-1.1361411809921265,0,2.2184386253356934,0.04396054893732071,12.952753067016602,12.090896606445312,0.0,-1620,87,0.05000000074505806,-27.0,0,0,0,0,0,0,-2.868333578109741,0,-1.1381478309631348,0,5.3558349609375,0.048828125,-2.8661651611328125,0,-1.1361411809921265,0,2.2184386253356934,0.04396054893732071,0,1,0.7590000033378601,0.7490658760070801,-0.011037588119506836
5.5,-2.866051197052002,0,-1.142764925956726,0,2.219240188598633,0.042101189494132996,12.952753067016602,12.727264404296875,0.0,-1620,87,0.05000000074505806,-27.0,0,0,0,0,0,0,-2.865980625152588,0,-1.1468585729599,0,5.361328125,0.0244140625,-2.866051197052002,0,-1.142764925956726,0,2.219240188598633,0.042101189494132996,0,0,0.7599999904632568,0.7501592636108398,-0.010933876037597656
5.6000000000000005,-2.861078977584839,0,-1.1369987726211548,0,2.2230582237243652,0.036269426345825195,12.952753067016602,12.090896606445312,0.0,-1620,40,0.14000000059604645,-18.935434341430664,0,0,0,0,0,0,-2.860421895980835,0,-1.1416221857070923,0,5.361328125,-0.006103515625,-2.861078977584839,0,-1.1369987726211548,0,2.2230582237243652,0.036269426345825195,0,0,0.7599999904632568,0.7511433362960815,-0.009840726852416992
5.7,-2.8636066913604736,0,-1.1165398359298706,0,2.228307008743286,0.03622269257903099,12.952753067016602,12.727264404296875,0.0,1620,80,0.44999998807907104,27.0,0,0,0,0,0,0,-2.862520217895508,0,-1.1250423192977905,0,5.3668212890625,0.048828125,-2.8636066913604736,0,-1.1165398359298706,0,2.228307008743286,0.03622269257903099,0,1,0.7609999775886536,0.7521290183067322,-0.009856820106506348
5.800000000000001,-2.8671679496765137,0,-1.100487232208252,0,2.2365894317626953,0.040905360132455826,12.952753067016602,12.090896606445312,0.0,-1620,51,0.5600000023841858,-27.0,0,0,0,0,0,0,-2.8693687915802,0,-1.0905662775039673,0,5.38330078125,0.08544921875,-2.8671679496765137,0,-1.100487232208252,0,2.2365894317626953,0.040905360132455826,0,1,0.7609999775886536,0.7530161142349243,-0.008870959281921387
5.9,-2.865816354751587,0,-1.0931447744369507,0,2.2571346759796143,0.05497671291232109,12.952753067016602,12.727264404296875,0.0,-1620,51,0.5600000023841858,-27.0,0,0,0,0,0,0,-2.8693912029266357,0,-1.0903289318084717,0,5.394287109375,0.128173828125,-2.865816354751587,0,-1.0931447744369507,0,2.2571346759796143,0.05497671291232109,0,1,0.7630000114440918,0.7540144920349121,-0.00998377799987793
6.0,-2.861524820327759,0,-1.0940719842910767,0,2.267970323562622,0.06252017617225647,12.952753067016602,12.090896606445312,0.0,-1620,48,0.5,-27.0,0,0,0,0,0,0,-2.858872413635254,0,-1.0946450233459473,0,5.416259765625,0.13427734375,-2.861524820327759,0,-1.0940719842910767,0,2.267970323562622,0.06252017617225647,0,1,0.7630000114440918,0.7549130320549011,-0.008985400199890137
6.1000000000000005,-2.8533952236175537,0,-1.1034151315689087,0,2.294555187225342,0.0732002705335617,12.952753067016602,12.727264404296875,0.0,-1620,48,0.5,-27.0,0,0,0,0,0,0,-2.8539011478424072,0,-1.104316234588623,0,5.4327392578125,0.13427734375,-2.8533952236175537,0,-1.1034151315689087,0,2.294555187225342,0.0732002705335617,0,0,0.593999981880188,0.7388216853141785,0.16091346740722656
6.2,-2.8522746562957764,0,-1.109135627746582,0,2.306028366088867,0.07494604587554932,12.952753067016602,12.090896606445312,0.0,-1620,21,0.3700000047683716,-27.0,0,0,0,0,0,0,-2.8515822887420654,0,-1.112671136856079,0,5.4547119140625,0.091552734375,-2.8522746562957764,0,-1.109135627746582,0,2.306028366088867,0.07494604587554932,0,0,0.593999981880188,0.724339485168457,0.14482200145721436
6.300000000000001,-2.8534929752349854,0,-1.11043381690979,0,2.3172006607055664,0.07478396594524384,12.952753067016602,12.727264404296875,0.0,-1620,11,0.3700000047683716,-27.0,0,0,0,0,0,0,-2.854245901107788,0,-1.1112362146377563,0,5.4656982421875,0.0732421875,-2.8534929752349854,0,-1.11043381690979,0,2.3172006607055664,0.07478396594524384,0,0,0.5960000157356262,0.7115055322647095,0.12833952903747559
6.4,-2.852527618408203,0,-1.1116113662719727,0,2.3345799446105957,0.07682698220014572,12.401575088500977,12.090896606445312,0.0,-1620,11,0.3700000047683716,-27.0,0,0,0,0,0,0,-2.854257345199585,0,-1.1111176013946533,0,5.47119140625,0.0732421875,-2.852527618408203,0,-1.1116113662719727,0,2.3345799446105957,0.07682698220014572,0,1,0.5960000157356262,0.6999549865722656,0.11550545692443848
6.5,-2.8537957668304443,0,-1.1157296895980835,0,2.345081090927124,0.07996955513954163,12.401575088500977,12.090896606445312,0.0,-1620,11,0.3700000047683716,-27.0,0,0,0,0,0,0,-2.8545796871185303,0,-1.1182749271392822,0,5.4931640625,0.10986328125,-2.8537957668304443,0,-1.1157296895980835,0,2.345081090927124,0.07996955513954163,0,1,0.5960000157356262,0.6895595192909241,0.10395467281341553
6.6000000000000005,-2.8526623249053955,0,-1.1178961992263794,0,2.355882406234741,0.08629677444696426,12.952753067016602,12.727264404296875,0.0,-1620,356,0.3799999952316284,-27.0,0,0,0,0,0,0,-2.851961612701416,0,-1.1192352771759033,0,5.504150390625,0.146484375,-2.8526623249053955,0,-1.1178961992263794,0,2.355882406234741,0.08629677444696426,0,1,0.597000002861023,0.6803035736083984,0.09255945682525635
6.7,-2.8506181240081787,0,-1.11924409866333,0,2.370192766189575,0.09318330883979797,12.952753067016602,12.727264404296875,0.0,-1620,356,0.3799999952316284,-27.0,0,0,0,0,0,0,-2.8493549823760986,0,-1.120077133178711,0,5.5206298828125,0.15869140625,-2.8506181240081787,0,-1.11924409866333,0,2.370192766189575,0.09318330883979797,0,1,0.597000002861023,0.6719732284545898,0.08330345153808594
6.800000000000001,-2.853966236114502,0,-1.103134274482727,0,2.3986120223999023,0.09888780117034912,12.952753067016602,12.727264404296875,0.0,-1620,350,0.5199999809265137,-27.0,0,0,0,0,0,0,-2.8493895530700684,0,-1.1197212934494019,0,5.537109375,0.13427734375,-2.853966236114502,0,-1.103134274482727,0,2.3986120223999023,0.09888780117034912,0,0,0.5979999899864197,0.6645759344100952,0.07397294044494629
6.9,-2.8600282669067383,0,-1.0743998289108276,0,2.4181301593780518,0.09122734516859055,12.401575088500977,12.090896606445312,0.0,-1620,30,0.3100000023841858,-27.0,0,0,0,0,0,0,-2.8612558841705322,0,-1.0750995874404907,0,5.55908203125,0.08544921875,-2.8600282669067383,0,-1.0743998289108276,0,2.4181301593780518,0.09122734516859055,0,0,0.5989999771118164,0.6580183506011963,0.06557583808898926
7.0,-2.8551034927368164,0,-1.064261555671692,0,2.426966428756714,0.07649387419223785,12.952753067016602,13.363628387451172,0.0,-1620,30,0.3100000023841858,-27.0,0,0,0,0,0,0,-2.858084201812744,0,-1.0607964992523193,0,5.570068359375,-0.006103515625,-2.8551034927368164,0,-1.064261555671692,0,2.426966428756714,0.07649387419223785,0,0,0.6010000109672546,0.6523164510726929,0.05701899528503418
7.1000000000000005,-2.8547799587249756,0,-1.0625063180923462,0,2.4329471588134766,0.06733310222625732,12.952753067016602,12.727264404296875,0.0,-1620,48,0.18000000715255737,-27.0,0,0,0,0,0,0,-2.852802276611328,0,-1.0631917715072632,0,5.5755615234375,-0.006103515625,-2.8547799587249756,0,-1.0625063180923462,0,2.4329471588134766,0.06733310222625732,0,1,0.6019999980926514,0.6472848057746887,0.050316452980041504
7.2,-2.8553733825683594,0,-1.0617929697036743,0,2.441906452178955,0.06392475217580795,12.401575088500977,12.090896606445312,0.0,-1620,7,0.20000000298023224,-27.0,0,0,0,0,0,0,-2.855466365814209,0,-1.06175696849823,0,5.5810546875,0.054931640625,-2.8553733825683594,0,-1.0617929697036743,0,2.441906452178955,0.06392475217580795,0,1,0.6029999852180481,0.6428563594818115,0.04428446292877197
7.300000000000001,-2.856433868408203,0,-1.0636446475982666,0,2.449476957321167,0.05637001991271973,12.952753067016602,12.090896606445312,0.0,-1620,359,0.30000001192092896,-27.0,0,0,0,0,0,0,-2.85839581489563,0,-1.0680724382400513,0,5.5865478515625,0.0244140625,-2.856433868408203,0,-1.0636446475982666,0,2.449476957321167,0.05637001991271973,0,1,0.6039999723434448,0.6389707326889038,0.03885626792907715
7.4,-2.860374927520752,0,-1.0663021802902222,0,2.4503066539764404,0.04615570977330208,14.606298446655273,12.727264404296875,0.0,-1620,351,0.20999999344348907,-27.0,0,0,0,0,0,0,-2.8610482215881348,0,-1.0667561292648315,0,5.592041015625,0.0,-2.860374927520752,0,-1.0663021802902222,0,2.4503066539764404,0.04615570977330208,0,1,0.6050000190734863,0.63557368516922,0.03397047519683838
7.5,-2.856431722640991,0,-1.068809151649475,0,2.4470326900482178,0.030990775674581528,12.952753067016602,12.727264404296875,0.0,-1620,331,0.07000000029802322,-27.0,0,0,0,0,0,0,-2.855766534805298,0,-1.069151520729065,0,5.592041015625,-0.018310546875,-2.856431722640991,0,-1.068809151649475,0,2.4470326900482178,0.030990775674581528,0,1,0.6060000061988831,0.6326163411140442,0.029573440551757812
7.6000000000000005,-2.8502609729766846,0,-1.0784753561019897,0,2.4403791427612305,0.013633699156343937,12.401575088500977,12.090896606445312,9.820760961666666,-1620,331,0.0,-27.0,0,0,0,0,0,0,-2.853113889694214,0,-1.0704677104949951,0,5.5865478515625,-0.042724609375,-2.8502609729766846,0,-1.0784753561019897,0,2.4403791427612305,0.013633699156343937,1,0,0.6069999933242798,0.6300547122955322,0.02561628818511963
7.7,-2.842395067214966,0,-1.082757592201233,0,2.439812421798706,0.008853215724229813,12.952753067016602,12.727264404296875,9.820760961666666,-200,183,0.07000000029802322,-3.342710256576538,0,0,0,0,0,0,-2.837533473968506,0,-1.0854041576385498,0,5.5810546875,-0.03662109375,-2.842395067214966,0,-1.082757592201233,0,2.439812421798706,0.008853215724229813,1,0,0.6079999804496765,0.6278492212295532,0.02205491065979004
7.800000000000001,-2.8335728645324707,0,-1.093858242034912,0,2.434821367263794,0.004346020985394716,10.748029708862305,-0.6153950691223145,9.820760961666666,200,183,0.07000000029802322,13.024299621582031,0,0,0,0,0,0,-2.837798833847046,0,-1.0931545495986938,0,5.5755615234375,0.0,-2.8335728645324707,0,-1.093858242034912,0,2.434821367263794,0.004346020985394716,1,0,0.609000027179718,0.6259642839431763,0.01884937286376953
7.9,-2.8330912590026855,0,-1.0996203422546387,0,2.4342944622039795,0.007996780797839165,7.440944671630859,24.81816864013672,9.820760961666666,-200,140,0.15000000596046448,-18.79709815979004,0,0,0,0,0,0,-2.832793712615967,0,-1.1031816005706787,0,5.5755615234375,0.042724609375,-2.8330912590026855,0,-1.0996203422546387,0,2.4342944622039795,0.007996780797839165,1,1,0.6100000143051147,0.6243678331375122,0.015964508056640625
8.0,-2.8389906883239746,0,-1.099774718284607,0,2.4387080669403076,0.01003133412450552,4.133857727050781,10.181800842285156,9.820760961666666,-200,128,0.23000000417232513,-27.0,0,0,0,0,0,0,-2.838087320327759,0,-1.1006677150726318,0,5.5810546875,0.0,-2.8389906883239746,0,-1.099774718284607,0,2.4387080669403076,0.01003133412450552,1,0,0.6100000143051147,0.6229310631752014,0.01436769962310791
8.1,-2.842500925064087,0,-1.0918998718261719,0,2.4440438747406006,0.013633006252348423,-3.8723440170288086,28.63636016845703,9.820760961666666,-1620,128,0.23000000417232513,-9.648789405822754,0,0,0,0,0,0,-2.843092203140259,0,-1.0906405448913574,0,5.5865478515625,0.042724609375,-2.842500925064087,0,-1.0918998718261719,0,2.4440438747406006,0.013633006252348423,1,0,0.6100000143051147,0.6216379404067993,0.012931227684020996
8.200000000000001,-2.8356986045837402,0,-1.0871493816375732,0,2.4581780433654785,0.025074070319533348,-7.446811199188232,33.090904235839844,9.820760961666666,-1620,122,0.11999999731779099,-27.0,0,0,0,0,0,0,-2.8431038856506348,0,-1.0905219316482544,0,5.592041015625,0.048828125,-2.8356986045837402,0,-1.0871493816375732,0,2.4581780433654785,0.025074070319533348,1,0,0.6119999885559082,0.6206741333007812,0.009638071060180664
8.3,-2.8305037021636963,0,-1.0934550762176514,0,2.4669806957244873,0.03197844326496124,-14.595744132995605,40.727264404296875,9.820760961666666,-1620,93,0.12999999523162842,-27.0,0,0,0,0,0,0,-2.8272929191589355,0,-1.097352147102356,0,5.614013671875,0.09765625,-2.8305037021636963,0,-1.0934550762176514,0,2.4669806957244873,0.03197844326496124,1,0,0.6119999885559082,0.619806706905365,0.008674263954162598
8.4,-2.8201911449432373,0,-1.1046773195266724,0,2.4878005981445312,0.04672708734869957,-14.595744132995605,40.727264404296875,9.820760961666666,-1620,65,0.18000000715255737,-27.0,0,0,0,0,0,0,-2.8220343589782715,0,-1.0995103120803833,0,5.625,0.103759765625,-2.8201911449432373,0,-1.1046773195266724,0,2.4878005981445312,0.04672708734869957,1,0,0.6119999885559082,0.6190260648727417,0.00780642032623291
8.5,-2.8150017261505127,0,-1.1088682413101196,0,2.4986653327941895,0.05099112167954445,-21.744686126708984,48.99999237060547,9.820760961666666,-1620,65,0.18000000715255737,-27.0,0,0,0,0,0,0,-2.8117942810058594,0,-1.111458420753479,0,5.64697265625,0.091552734375,-2.8150017261505127,0,-1.1088682413101196,0,2.4986653327941895,0.05099112167954445,1,0,0.6129999756813049,0.6184234619140625,0.006026029586791992
8.6,-2.810657262802124,0,-1.1115448474884033,0,2.5124869346618652,0.050488729029893875,-25.319154739379883,52.18181610107422,9.820760961666666,-1620,35,0.1899999976158142,-27.0,0,0,0,0,0,0,-2.8118176460266113,0,-1.111221194267273,0,5.6524658203125,0.06103515625,-2.810657262802124,0,-1.1115448474884033,0,2.5124869346618652,0.050488729029893875,1,0,0.6140000224113464,0.6179810762405396,0.004423856735229492
8.700000000000001,-2.806492328643799,0,-1.1134188175201416,0,2.5148844718933105,0.045685991644859314,-29.489364624023438,56.0,9.820760961666666,-1620,29,0.1599999964237213,-27.0,0,0,0,0,0,0,-2.8039183616638184,0,-1.114577054977417,0,5.657958984375,0.0,-2.806492328643799,0,-1.1134188175201416,0,2.5148844718933105,0.045685991644859314,1,1,0.6140000224113464,0.6175829172134399,0.003981590270996094
8.8,-2.805302619934082,0,-1.1139506101608276,0,2.5161502361297607,0.03862406313419342,-29.489364624023438,56.0,0.0,1620,29,0.1599999964237213,20.299015045166016,0,0,0,0,0,0,-2.8012773990631104,0,-1.1157746315002441,0,5.657958984375,-0.006103515625,-2.805302619934082,0,-1.1139506101608276,0,2.5161502361297607,0.03862406313419342,0,0,0.6150000095367432,0.6173246502876282,0.0025826692581176758
8.9,-2.802701711654663,0,-1.1175627708435059,0,2.5249361991882324,0.03778490424156189,-35.446815490722656,54.72726821899414,0.0,1620,354,0.15000000596046448,9.878954887390137,0,0,0,0,0,0,-2.8068361282348633,0,-1.1210111379623413,0,5.6634521484375,0.018310546875,-2.802701711654663,0,-1.1175627708435059,0,2.5249361991882324,0.03778490424156189,0,0,0.6159999966621399,0.6171922087669373,0.0013244152069091797
9.0,-2.802973508834839,0,-1.1103028059005737,0,2.5350868701934814,0.042938150465488434,-28.297874450683594,59.818180084228516,0.0,-1620,297,0.11999999731779099,-27.0,0,0,0,0,0,0,-2.8013007640838623,0,-1.1155375242233276,0,5.6744384765625,0.08544921875,-2.802973508834839,0,-1.1103028059005737,0,2.5350868701934814,0.042938150465488434,0,0,0.6159999966621399,0.6170729994773865,0.0011920928955078125
9.1,-2.8050475120544434,0,-1.1071943044662476,0,2.540491819381714,0.041176047176122665,-28.297874450683594,59.818180084228516,0.0,-1620,270,0.2199999988079071,-27.0,0,0,0,0,0,0,-2.8036766052246094,0,-1.106589436531067,0,5.679931640625,0.048828125,-2.8050475120544434,0,-1.1071943044662476,0,2.540491819381714,0.041176047176122665,0,1,0.6179999709129333,0.6171656847000122,-0.0009268522262573242
9.200000000000001,-2.8067758083343506,0,-1.1051695346832275,0,2.5467398166656494,0.03871935233473778,-24.723407745361328,34.99999237060547,0.0,-1620,270,0.2199999988079071,-27.0,0,0,0,0,0,0,-2.8089821338653564,0,-1.103956937789917,0,5.6854248046875,0.0244140625,-2.8067758083343506,0,-1.1051695346832275,0,2.5467398166656494,0.03871935233473778,0,1,0.6190000176429749,0.6173490881919861,-0.0018340349197387695
9.3,-2.805053472518921,0,-1.110543966293335,0,2.5517327785491943,0.04142273962497711,-21.148941040039062,51.54545211791992,0.0,-1620,202,0.4000000059604645,-27.0,0,0,0,0,0,0,-2.8039889335632324,0,-1.1138654947280884,0,5.6964111328125,0.067138671875,-2.805053472518921,0,-1.110543966293335,0,2.5517327785491943,0.04142273962497711,0,0,0.6200000047683716,0.6176141500473022,-0.002650618553161621
9.4,-2.800273895263672,0,-1.1149694919586182,0,2.565850019454956,0.04740937426686287,-16.978727340698242,47.090904235839844,0.0,-1620,188,0.5099999904632568,-27.0,0,0,0,0,0,0,-2.8013598918914795,0,-1.114944577217102,0,5.701904296875,0.048828125,-2.800273895263672,0,-1.1149694919586182,0,2.565850019454956,0.04740937426686287,0,0,0.6209999918937683,0.6179527044296265,-0.0033855438232421875
9.5,-2.799334764480591,0,-1.1154744625091553,0,2.5726120471954346,0.050447314977645874,-13.404260635375977,43.909080505371094,0.0,-1620,188,0.5099999904632568,-27.0,0,0,0,0,0,0,-2.7987544536590576,0,-1.1157865524291992,0,5.7183837890625,0.079345703125,-2.799334764480591,0,-1.1154744625091553,0,2.5726120471954346,0.050447314977645874,0,1,0.621999979019165,0.6183574795722961,-0.004047751426696777
9.600000000000001,-2.7988121509552,0,-1.110877275466919,0,2.581984758377075,0.05319627374410629,-13.404260635375977,43.909080505371094,0.0,-1620,188,0.5099999904632568,-27.0,0,0,0,0,0,0,-2.7984893321990967,0,-1.1080361604690552,0,5.7293701171875,0.079345703125,-2.7988121509552,0,-1.110877275466919,0,2.581984758377075,0.05319627374410629,0,1,0.621999979019165,0.6187217831611633,-0.003643035888671875
9.700000000000001,-2.796995162963867,0,-1.1097149848937988,0,2.5923547744750977,0.05800612270832062,-8.63830280303955,40.09090042114258,0.0,-1620,183,0.5600000023841858,-27.0,0,0,0,0,0,0,-2.7984893321990967,0,-1.1080361604690552,0,5.7293701171875,0.079345703125,-2.796995162963867,0,-1.1097149848937988,0,2.5923547744750977,0.05800612270832062,0,1,0.621999979019165,0.6190496683120728,-0.0032788515090942383
9.8,-2.7946836948394775,0,-1.1098647117614746,0,2.6031057834625244,0.0641002207994461,-5.659577369689941,35.636356353759766,0.0,-1620,183,0.5600000023841858,-27.0,0,0,0,0,0,0,-2.793255090713501,0,-1.109957218170166,0,5.7403564453125,0.103759765625,-2.7946836948394775,0,-1.1098647117614746,0,2.6031057834625244,0.0641002207994461,0,0,0.621999979019165,0.6193447113037109,-0.002950429916381836
9.9,-2.7896108627319336,0,-1.1113576889038086,0,2.6249539852142334,0.06954478472471237,-2.680852174758911,31.181808471679688,0.0,-1620,198,0.5699999928474426,-27.0,0,0,0,0,0,0,-2.790637969970703,0,-1.1109176874160767,0,5.7623291015625,0.103759765625,-2.7896108627319336,0,-1.1113576889038086,0,2.6249539852142334,0.06954478472471237,0,0,0.6230000257492065,0.6197102665901184,-0.003655552864074707
10.0,-2.7920784950256348,0,-1.1147692203521729,0,2.6325323581695557,0.06931590288877487,1.9291343688964844,27.999996185302734,0.0,-1620,189,0.550000011920929,-27.0,0,0,0,0,0,0,-2.7936036586761475,0,-1.116877555847168,0,5.77880859375,0.067138671875,-2.7920784950256348,0,-1.1147692203521729,0,2.6325323581695557,0.06931590288877487,0,1,0.6230000257492065,0.6200392842292786,-0.0032901763916015625
10.100000000000001,-2.7947945594787598,0,-1.1091368198394775,0,2.6446192264556885,0.06950198113918304,4.685037612915039,24.181804656982422,0.0,-1620,189,0.550000011920929,-27.0,0,0,0,0,0,0,-2.7933387756347656,0,-1.109127163887024,0,5.7843017578125,0.067138671875,-2.7947945594787598,0,-1.1091368198394775,0,2.6446192264556885,0.06950198113918304,0,0,0.6240000128746033,0.620435357093811,-0.003960728645324707
10.200000000000001,-2.793909788131714,0,-1.108984351158142,0,2.653623580932617,0.06985776871442795,8.543302536010742,19.72726058959961,0.0,-1620,173,0.5099999904632568,-27.0,0,0,0,0,0,0,-2.793362855911255,0,-1.1088900566101074,0,5.80078125,0.0732421875,-2.793909788131714,0,-1.108984351158142,0,2.653623580932617,0.06985776871442795,0,0,0.625,0.620891809463501,-0.004564523696899414
10.3,-2.7886900901794434,0,-1.1110000610351562,0,2.667247772216797,0.07308269292116165,8.543302536010742,19.72726058959961,0.0,-1620,173,0.5099999904632568,-27.0,0,0,0,0,0,0,-2.78546404838562,0,-1.1122459173202515,0,5.8172607421875,0.103759765625,-2.7886900901794434,0,-1.1110000610351562,0,2.667247772216797,0.07308269292116165,0,1,0.6259999871253967,0.6214026212692261,-0.0051081180572509766
10.4,-2.785257577896118,0,-1.1170071363449097,0,2.67924165725708,0.07716204226016998,11.850391387939453,15.909076690673828,0.0,-1620,173,0.5099999904632568,-27.0,0,0,0,0,0,0,-2.7831361293792725,0,-1.1207196712493896,0,5.8282470703125,0.115966796875,-2.785257577896118,0,-1.1170071363449097,0,2.67924165725708,0.07716204226016998,0,1,0.6259999871253967,0.6218623518943787,-0.004597306251525879
10.5,-2.783961534500122,0,-1.1191550493240356,0,2.690613031387329,0.08143393695354462,11.850391387939453,15.909076690673828,0.0,-1620,169,0.5600000023841858,-27.0,0,0,0,0,0,0,-2.783160448074341,0,-1.1204825639724731,0,5.8392333984375,0.1220703125,-2.783961534500122,0,-1.1191550493240356,0,2.690613031387329,0.08143393695354462,0,1,0.6259999871253967,0.6222761273384094,-0.004137754440307617
10.600000000000001,-2.783320426940918,0,-1.1198666095733643,0,2.717480421066284,0.08943311870098114,12.401575088500977,12.090896606445312,0.0,-1620,181,0.6800000071525574,-27.0,0,0,0,0,0,0,-2.78318452835083,0,-1.1202454566955566,0,5.855712890625,0.115966796875,-2.783320426940918,0,-1.1198666095733643,0,2.717480421066284,0.08943311870098114,0,1,0.6259999871253967,0.6226485371589661,-0.0037240982055664062
10.700000000000001,-2.7849061489105225,0,-1.1189942359924316,0,2.7289836406707764,0.09427952021360397,12.401575088500977,12.090896606445312,0.0,-1620,181,0.6800000071525574,-27.0,0,0,0,0,0,0,-2.785886287689209,0,-1.1184550523757935,0,5.86669921875,0.13427734375,-2.7849061489105225,0,-1.1189942359924316,0,2.7289836406707764,0.09427952021360397,0,0,0.628000020980835,0.6231837272644043,-0.005351901054382324
10.8,-2.785526990890503,0,-1.1185144186019897,0,2.7401673793792725,0.09750371426343918,12.952753067016602,12.727264404296875,0.0,-1620,181,0.6800000071525574,-27.0,0,0,0,0,0,0,-2.7859106063842773,0,-1.118217945098877,0,5.888671875,0.128173828125,-2.785526990890503,0,-1.1185144186019897,0,2.7401673793792725,0.09750371426343918,0,1,0.6290000081062317,0.6237653493881226,-0.005816221237182617
10.9,-2.7857792377471924,0,-1.1181846857070923,0,2.7546238899230957,0.09984061121940613,12.952753067016602,12.727264404296875,0.0,-1620,180,0.8700000047683716,-27.0,0,0,0,0,0,0,-2.785935163497925,0,-1.1179808378219604,0,5.9051513671875,0.1220703125,-2.7857792377471924,0,-1.1181846857070923,0,2.7546238899230957,0.09984061121940613,0,1,0.6290000081062317,0.6242888569831848,-0.005235075950622559
11.0,-2.7826337814331055,0,-1.1193193197250366,0,2.7669358253479004,0.10369699448347092,12.952753067016602,12.727264404296875,0.0,-1620,180,0.8700000047683716,-27.0,0,0,0,0,0,0,-2.7806899547576904,0,-1.1200206279754639,0,5.9161376953125,0.140380859375,-2.7826337814331055,0,-1.1193193197250366,0,2.7669358253479004,0.10369699448347092,0,1,0.628000020980835,0.6246600151062012,-0.0037115812301635742
11.100000000000001,-2.779986619949341,0,-1.125063180923462,0,2.778428554534912,0.10602535307407379,12.952753067016602,13.363628387451172,0.0,-1620,174,0.9200000166893005,-27.0,0,0,0,0,0,0,-2.778350353240967,0,-1.128612995147705,0,5.9271240234375,0.128173828125,-2.779986619949341,0,-1.125063180923462,0,2.778428554534912,0.10602535307407379,0,1,0.6299999952316284,0.6251940131187439,-0.005339980125427246
11.200000000000001,-2.777358293533325,0,-1.1278507709503174,0,2.7930033206939697,0.10697103291749954,12.952753067016602,13.363628387451172,0.0,-1620,174,0.9200000166893005,-27.0,0,0,0,0,0,0,-2.7757339477539062,0,-1.1295735836029053,0,5.943603515625,0.115966796875,-2.777358293533325,0,-1.1278507709503174,0,2.7930033206939697,0.10697103291749954,0,1,1.0880000591278076,0.6714746356010437,-0.46280622482299805
11.3,-2.7780094146728516,0,-1.1279555559158325,0,2.8053600788116455,0.10956854373216629,12.952753067016602,12.090896606445312,0.0,-1620,174,0.9200000166893005,-6.141448020935059,0,0,0,0,0,0,-2.778411865234375,0,-1.1280202865600586,0,5.95458984375,0.13427734375,-2.7780094146728516,0,-1.1279555559158325,0,2.8053600788116455,0.10956854373216629,0,1,1.0920000076293945,0.7135271430015564,-0.42052507400512695
11.4,-2.7745094299316406,0,-1.1293517351150513,0,2.8327479362487793,0.11410103738307953,12.952753067016602,12.727264404296875,0.0,-368,195,0.7300000190734863,-6.141448020935059,0,0,0,0,0,0,-2.7757956981658936,0,-1.1289808750152588,0,5.9710693359375,0.128173828125,-2.7745094299316406,0,-1.1293517351150513,0,2.8327479362487793,0.11410103738307953,0,1,1.0959999561309814,0.7517744302749634,-0.3824728727340698
11.5,-2.7737104892730713,0,-1.129496455192566,0,2.847701072692871,0.1160203069448471,12.952753067016602,12.727264404296875,0.0,-368,179,0.5600000023841858,-6.141448020935059,0,0,0,0,0,0,-2.773216724395752,0,-1.1295859813690186,0,5.9820556640625,0.140380859375,-2.7737104892730713,0,-1.129496455192566,0,2.847701072692871,0.1160203069448471,0,0,1.0950000286102295,0.7860969305038452,-0.34322500228881836
11.600000000000001,-2.773428440093994,0,-1.1293320655822754,0,2.8602025508880615,0.11543461680412292,12.952753067016602,12.727264404296875,0.0,-368,179,0.5600000023841858,-6.141448020935059,0,0,0,0,0,0,-2.773216724395752,0,-1.1295859813690186,0,5.99853515625,0.13427734375,-2.773428440093994,0,-1.1293320655822754,0,2.8602025508880615,0.11543461680412292,0,1,1.1019999980926514,0.8176872134208679,-0.31590282917022705
11.700000000000001,-2.768268346786499,0,-1.1266266107559204,0,2.871767520904541,0.11722703278064728,12.952753067016602,13.363628387451172,0.0,-368,183,0.75,-6.141448020935059,0,0,0,0,0,0,-2.773254156112671,0,-1.1292303800582886,0,6.009521484375,0.10986328125,-2.768268346786499,0,-1.1266266107559204,0,2.871767520904541,0.11722703278064728,0,0,1.100000023841858,0.8459184765815735,-0.28231263160705566
11.8,-2.76141619682312,0,-1.1276673078536987,0,2.8863699436187744,0.12349370867013931,12.401575088500977,12.727264404296875,0.0,-368,183,0.75,-6.141448020935059,0,0,0,0,0,0,-2.757181406021118,0,-1.1283105611801147,0,6.0369873046875,0.18310546875,-2.76141619682312,0,-1.1276673078536987,0,2.8863699436187744,0.12349370867013931,0,1,1.1119999885559082,0.8725266456604004,-0.26608169078826904
11.9,-2.7551543712615967,0,-1.1336424350738525,0,2.923029661178589,0.13365960121154785,12.952753067016602,12.727264404296875,0.0,-368,193,0.8700000047683716,-6.141448020935059,0,0,0,0,0,0,-2.751936912536621,0,-1.1303503513336182,0,6.0589599609375,0.189208984375,-2.7551543712615967,0,-1.1336424350738525,0,2.923029661178589,0.13365960121154785,0,0,0.6349999904632568,0.8487739562988281,0.23752689361572266
12.0,-2.7533915042877197,0,-1.1358118057250977,0,2.9432950019836426,0.13952432572841644,12.952753067016602,12.727264404296875,0.0,-368,193,0.8700000047683716,-27.0,0,0,0,0,0,0,-2.7523019313812256,0,-1.1371525526046753,0,6.075439453125,0.1708984375,-2.7533915042877197,0,-1.1358118057250977,0,2.9432950019836426,0.13952432572841644,0,1,0.6359999775886536,0.8274965286254883,0.21277427673339844
12.100000000000001,-2.7561848163604736,0,-1.1395838260650635,0,2.9612205028533936,0.14134760200977325,12.952753067016602,12.727264404296875,0.0,-1620,182,0.8199999928474426,-27.0,0,0,0,0,0,0,-2.757911205291748,0,-1.1419150829315186,0,6.097412109375,0.1953125,-2.7561848163604736,0,-1.1395838260650635,0,2.9612205028533936,0.14134760200977325,0,1,0.6349999904632568,0.808246910572052,0.1924961805343628
12.200000000000001,-2.7602076530456543,0,-1.1465469598770142,0,2.9949426651000977,0.14681269228458405,12.952753067016602,12.727264404296875,0.0,-1620,182,0.8199999928474426,-27.0,0,0,0,0,0,0,-2.760867118835449,0,-1.1479936838150024,0,6.13037109375,0.15869140625,-2.7602076530456543,0,-1.1465469598770142,0,2.9949426651000977,0.14681269228458405,0,0,0.6359999775886536,0.7910222411155701,0.17224669456481934
12.3,-2.762465715408325,0,-1.1509782075881958,0,3.014897584915161,0.1520068347454071,13.503934860229492,13.363628387451172,0.0,-1620,171,1.2100000381469727,-27.0,0,0,0,0,0,0,-2.7638614177703857,0,-1.153716802597046,0,6.1688232421875,0.201416015625,-2.762465715408325,0,-1.1509782075881958,0,3.014897584915161,0.1520068347454071,0,0,0.6370000243186951,0.7756200432777405,0.1540219783782959
12.4,-2.7582051753997803,0,-1.155196189880371,0,3.0496912002563477,0.15822254121303558,13.503934860229492,13.363628387451172,0.0,-1620,153,0.9399999976158142,-27.0,0,0,0,0,0,0,-2.7612714767456055,0,-1.1544406414031982,0,6.185302734375,0.18310546875,-2.7582051753997803,0,-1.155196189880371,0,3.0496912002563477,0.15822254121303558,0,0,0.6389999985694885,0.7619580030441284,0.1366204023361206
12.5,-2.751127004623413,0,-1.1647182703018188,0,3.0943996906280518,0.17669397592544556,13.503934860229492,12.727264404296875,0.0,-1620,153,0.9399999976158142,-27.0,0,0,0,0,0,0,-2.7537026405334473,0,-1.1649545431137085,0,6.2237548828125,0.244140625,-2.751127004623413,0,-1.1647182703018188,0,3.0943996906280518,0.17669397592544556,0,0,0.6389999985694885,0.7496622204780579,0.12295782566070557
12.600000000000001,-2.747894048690796,0,-1.1664259433746338,0,3.120786190032959,0.19007699191570282,12.952753067016602,12.090896606445312,0.0,-1620,156,0.9399999976158142,-27.0,0,0,0,0,0,0,-2.745896100997925,0,-1.1674813032150269,0,6.251220703125,0.274658203125,-2.747894048690796,0,-1.1664259433746338,0,3.120786190032959,0.19007699191570282,0,1,0.6399999856948853,0.7386959791183472,0.10966241359710693
12.700000000000001,-2.7485551834106445,0,-1.1652860641479492,0,0.05312369763851166,0.23570604622364044,13.503934860229492,12.727264404296875,0.0,-1620,152,0.9700000286102295,-27.0,0,0,0,0,0,0,-2.7486021518707275,0,-1.1656913757324219,0,6.317138671875,0.390625,-2.7485551834106445,0,-1.1652860641479492,0,0.05312369763851166,0.23570604622364044,0,0,0.6399999856948853,0.7288264036178589,0.09869575500488281
12.8,-2.7488768100738525,0,-1.169155240058899,0,0.10238509625196457,0.2666994035243988,13.503934860229492,12.727264404296875,0.0,-1620,152,0.9700000286102295,-27.0,0,0,0,0,0,0,-2.7490756511688232,0,-1.171546459197998,0,6.416015625,0.5615234375,-2.7488768100738525,0,-1.169155240058899,0,0.10238509625196457,0.2666994035243988,0,0,0.6399999856948853,0.7199437618255615,0.08882641792297363
12.9,-2.7474496364593506,0,-1.170641303062439,0,0.1619408279657364,0.30635643005371094,12.952753067016602,12.727264404296875,0.0,-1620,157,0.8700000047683716,-27.0,0,0,0,0,0,0,-2.746567487716675,0,-1.1715598106384277,0,6.48193359375,0.68359375,-2.7474496364593506,0,-1.170641303062439,0,0.1619408279657364,0.30635643005371094,0,1,0.6389999985694885,0.7118493914604187,0.08094370365142822
13.0,-2.7446863651275635,0,-1.1702836751937866,0,0.3018999993801117,0.39622262120246887,12.952753067016602,12.727264404296875,0.0,-1620,157,0.8700000047683716,-27.0,0,0,0,0,0,0,-2.744086980819702,0,-1.1713364124298096,0,6.5533447265625,0.74462890625,-2.7446863651275635,0,-1.1702836751937866,0,0.3018999993801117,0.39622262120246887,0,1,0.6389999985694885,0.7045644521713257,0.07284939289093018
13.100000000000001,-2.742910861968994,0,-1.16969895362854,0,0.38752707839012146,0.44504085183143616,15.708660125732422,12.727264404296875,0.0,-1620,163,0.9900000095367432,-27.0,0,0,0,0,0,0,-2.744262933731079,0,-1.1697971820831299,0,6.6302490234375,0.8544921875,-2.742910861968994,0,-1.16969895362854,0,0.38752707839012146,0.44504085183143616,0,0,0.6389999985694885,0.6980080008506775,0.06556451320648193
